survey_date,survey_name,zone_id,zone_name,tree_id,longitude,latitude,GBH,height,images_overall,images_leaves,images_flowers,images_fruits,name_th,name_en,species_id,scientific_name,local_name,type,DBH_cm,WS_kg,WB_kg,WL_kg,AGB_kg,BGB,TotalBiomass_kg,CarbonStock_kgC,Sequestration_kgCO2e,Sequestration_tCO2e
2026-03-24,นางสาววรรณชนก อมิตรสูญ,A,A : ลานจอดรถ,A001,98.35154080,7.89510440,109,9.8,https://drive.google.com/open?id=11hWRlHlrPvVb5FacwNdh27J3d1zRBrlT,https://drive.google.com/open?id=127fqP8n1S3aV9_Wuve3TE1mR-vaNJ8No,,,กระทิง,Alexandrian Laurel,SP001,Calophyllum inophyllum,สารภีทะเล,ป่าดิบแล้ง,34.68,280.78,84.85,7.41,373.04,100.72,473.76,227.73,835.03,0.84
2026-03-24,นางสาววรรณชนก อมิตรสูญ,A,A : ลานจอดรถ,A002,98.35146112,7.89516655,76,8.9,https://drive.google.com/open?id=1HFlviReBQHBohp4uU9_u5nG_Wf45Nqgy,,,,ปีบ,Indian Cork Tree,SP019,Millingtonia hortensis,กาสะลอง,ป่าเบญจพรรณ,24.18,115.77,22.86,4.41,143.04,38.62,181.66,89.03,326.44,0.33
2026-03-24,นางสาววรรณชนก อมิตรสูญ,A,A : ลานจอดรถ,A003,98.35137619,7.89521674,90,11.9,https://drive.google.com/open?id=1MfSkXTJwumcTx4hsiqtP13KRyQH4cOSN,https://drive.google.com/open?id=1ibQLha_h_r40SNjULIkpj1WFXYXHQ9cg,,,อินทนิล,Queen’s Flower,SP033,Lagerstroemia speciosa,อินทนิลน้ำ,ป่าดิบชื้น,28.64,208.06,75.07,11.29,294.42,79.49,373.92,179.74,659.05,0.66
2026-03-24,นางสาววรรณชนก อมิตรสูญ,A,A : ลานจอดรถ,A004,98.35135486,7.89523605,94,7.5,https://drive.google.com/open?id=1L7KfhJR5_N_Gk0X0G9civ_LkYrMelid2,https://drive.google.com/open?id=14OUsvtIsmfrOzic9fjrLAEffYeXa6t1b,,,ตะแบก,Queen’s Crape Myrtle,SP032,Lagerstroemia speciosa,ตะแบก,ป่าดิบชื้น,29.91,146.71,51.09,8.62,206.42,55.73,262.15,126.02,462.06,0.46
2026-03-24,นางสาววรรณชนก อมิตรสูญ,A,A : ลานจอดรถ,A005,98.35140842,7.89537250,86,9.6,https://drive.google.com/open?id=1kGWRvLPMmWs6qKoieXQdOgvg53skKKYO,https://drive.google.com/open?id=12Ks91coryBbfPu3ggAMH5ewzms58THf0,,,ปีบ,Indian Cork Tree,SP019,Millingtonia hortensis,กาสะลอง,ป่าเบญจพรรณ,27.36,156.45,31.86,5.76,194.06,52.40,246.46,120.79,442.90,0.44
2026-03-24,นางสาววรรณชนก อมิตรสูญ,A,A : ลานจอดรถ,A006,98.35142487,7.89536774,52,9,https://drive.google.com/open?id=1lbyJ-NfxbZNtI1_tWI-JHe6RO6xwbsfw,https://drive.google.com/open?id=1ghsnTRv8kcPIOynGoIiIg2Tns3odeIU7,,,หูกวาง,Tropical Almond,SP041,Terminalia catappa,หูกวาง,ป่าเบญจพรรณ,16.55,57.64,10.61,2.30,70.54,19.05,89.59,43.91,160.99,0.16
2026-03-24,นางสาววรรณชนก อมิตรสูญ,A,A : ลานจอดรถ,A007,98.35139330,7.89538672,73,7.1,https://drive.google.com/open?id=1SZ18t2cVGbFjk1pYSOkNTGXhFNWaoR0i,https://drive.google.com/open?id=1bWker4j3h5l2kiy6FhoCjj2Yda4ZYR44,,,ปีบ,Indian Cork Tree,SP019,Millingtonia hortensis,กาสะลอง,ป่าเบญจพรรณ,23.23,86.98,16.69,3.39,107.06,28.91,135.97,66.64,244.34,0.24
2026-03-24,นางสาววรรณชนก อมิตรสูญ,A,A : ลานจอดรถ,A008,98.35138857,7.89540973,149,13.4,https://drive.google.com/open?id=1aEZIfeGODnhxVUKNyIqKtE6CP9QtdKPv,https://drive.google.com/open?id=14K3PJtlnuCJwC56KQbwH3hMYwIsRgESB,,,ตีนเป็ด,Devil Tree,SP012,Alstonia scholaris,พญาสัตบรรณ,ป่าดิบชื้น,47.41,595.18,238.85,21.47,855.50,230.98,1086.48,522.27,1915.00,1.92
2026-03-24,นางสาววรรณชนก อมิตรสูญ,A,A : ลานจอดรถ,A009,98.35144591,7.89534557,98,12.1,https://drive.google.com/open?id=12FknuMmcZ9V4UPV8jpLf5mPPMBFn5zap,https://drive.google.com/open?id=1VlD6CPSyUNz1ZtvfAsBo3XJV_Q6QmUS1,,,ตีนเป็ด,Devil Tree,SP012,Alstonia scholaris,พญาสัตบรรณ,ป่าดิบชื้น,31.18,247.70,90.96,12.80,351.46,94.89,446.35,214.56,786.73,0.79
2026-03-24,นางสาววรรณชนก อมิตรสูญ,A,A : ลานจอดรถ,A010,98.35145867,7.89533219,89,7.7,https://drive.google.com/open?id=1sP2BR_KlRBh64mDMKbFg3zblpIjOLxFm,https://drive.google.com/open?id=1mrXOJHjD9YQhlIQCBwpPrxP7BP7tHs5O,,,โสก,Ashoka Tree,SP003,Saraca indica,โสกอินเดีย,ป่าดิบชื้น,28.32,135.78,46.92,8.10,190.79,51.51,242.30,116.48,427.08,0.43
2026-03-24,นางสาววรรณชนก อมิตรสูญ,A,A : ลานจอดรถ,A011,98.35172856,7.89548308,72,8.4,https://drive.google.com/open?id=17TjuCFuR1zG0Uj9iSSx_zl49F2MOV3wO,https://drive.google.com/open?id=1J5CQwIVNa6WNwIz_0haDyygvN0NNHkuN,https://drive.google.com/open?id=1tIihnS8SQzBNp7Qa4koL0l5MDfaGrV1V,,ศรีตรัง,Jacaranda,SP021,Jacaranda mimosifolia D.Don,แคทราย,ป่าดิบชื้น,22.91,99.17,33.19,6.21,138.57,37.41,175.99,84.60,310.19,0.31
2026-03-24,นางสาววรรณชนก อมิตรสูญ,A,A : ลานจอดรถ,A012,98.35171622,7.89550577,63.4,8.4,https://drive.google.com/open?id=1ysFuO-bHmPN-0R4ocIfwXaV6r9iXl2Pf,https://drive.google.com/open?id=1nWietNY7Z4X27A8O8gKjHP5_1AEt09Jm,,,ศรีตรัง,Jacaranda,SP021,Jacaranda mimosifolia D.Don,แคทราย,ป่าดิบชื้น,20.17,78.22,25.56,5.04,108.82,29.38,138.20,66.43,243.59,0.24
2026-03-24,นางสาววรรณชนก อมิตรสูญ,A,A : ลานจอดรถ,A013,98.35170835,7.89554550,45,8.9,https://drive.google.com/open?id=1aCv6Eu4X8ViyObFb6-cIn63e6erry2an,https://drive.google.com/open?id=11l8hRyrZC6An6K4F5s1wD89OIO-G0YnI,https://drive.google.com/open?id=1hn7J3Wbu8C_YS9ayI1gtn8Hr1eAf1ert,,ศรีตรัง,Jacaranda,SP021,Jacaranda mimosifolia D.Don,แคทราย,ป่าดิบชื้น,14.32,43.56,13.41,2.93,59.90,16.17,76.08,36.57,134.09,0.13
2026-03-24,นางสาววรรณชนก อมิตรสูญ,A,A : ลานจอดรถ,A014,98.35148033,7.89556556,123,10.6,https://drive.google.com/open?id=1mx85KawB-25T_3nh1_g5RzMbw0s0oXR1,https://drive.google.com/open?id=1AzwI7W1HYfG0r5H38aI4Ih8d2OsHSGjn,,,ยางนา,Resin Tree,SP042,Dipterocarpus alatus Roxb.,ยางนา,ป่าดิบชื้น,39.14,334.48,126.62,15.62,476.73,128.72,605.44,291.04,1067.13,1.07
2026-03-24,นางสาววรรณชนก อมิตรสูญ,A,A : ลานจอดรถ,A015,98.35138715,7.89581055,135,11.5,https://drive.google.com/open?id=15f2tEOczMBTSbLPK-OaHmUIDUeJBfXvc,https://drive.google.com/open?id=1qT6B1-YmjVYnGJWj9b_mGo_F-my_Y2PH,,,หว้า,Java Plum,SP022,Syzygium cumini (L.) Skeels,หว้า,ป่าดิบชื้น,42.95,429.33,166.69,18.12,614.13,165.82,779.95,374.92,1374.71,1.37
2026-03-24,นางสาวภิญญาดา หอมจันทร์,A,A : ลานจอดรถ,A016,98.35163100,7.89572500,176,12.9,https://drive.google.com/open?id=14xoGD6I9tKVfz9_tl_faBX4LeVgAWxN4,https://drive.google.com/open?id=1TKBO9ZAN6rQI-r88O0if3_l_fLaPnAO3,,,จามจุรี,Rain Tree,SP034,Samanea saman (Jacq.) Merr,ก้ามปู,ป่าเบญจพรรณ,56.00,783.70,187.85,18.58,990.13,267.34,1257.47,616.28,2259.71,2.26
2026-03-24,นางสาวภิญญาดา หอมจันทร์,A,A : ลานจอดรถ,A017,98.35166700,7.89567800,60,8.8,https://drive.google.com/open?id=1lAY1Ma_qdCRqqWbJhN3hBaXVT046Yth0,https://drive.google.com/open?id=1c_ss9feuPAHB4RcfQ5VVGbfSrx-zNMXJ,,,ศรีตรัง,Jacaranda,SP021,Jacaranda mimosifolia D.Don,แคทราย,ป่าดิบชื้น,19.09,73.71,23.94,4.78,102.43,27.66,130.08,62.53,229.28,0.23
2026-03-24,นางสาวภิญญาดา หอมจันทร์,A,A : ลานจอดรถ,A018,98.35163700,7.89574000,74,8.4,https://drive.google.com/open?id=1U0ZfxwHjtsDhAaSepjXP5BNYC6-aU-3y,https://drive.google.com/open?id=1xLX6Cdm4v2Ky6FjNHn2SS3CSYH9rjE7e,https://drive.google.com/open?id=1FKYD2glnWJQrxNi_v-VPqORztEHPkUMW,,ศรีตรัง,Jacaranda,SP021,Jacaranda mimosifolia D.Don,แคทราย,ป่าดิบชื้น,23.55,104.37,35.12,6.49,145.97,39.41,185.39,89.11,326.75,0.33
2026-03-24,นางสาวภิญญาดา หอมจันทร์,A,A : ลานจอดรถ,A019,98.35156700,7.89578700,72,8.7,https://drive.google.com/open?id=1RtjPePJ_7dsD1jCjoSpSRHjuiXTLKt7l,https://drive.google.com/open?id=1HP4ZWBQZRVfV3zQq6QNoQ6-YSWOJuSvV,https://drive.google.com/open?id=1l94d8SqL0Fr6BldZ5TGAViyy3ji2zmkl,,ศรีตรัง,Jacaranda,SP021,Jacaranda mimosifolia D.Don,แคทราย,ป่าดิบชื้น,22.91,102.47,34.41,6.39,143.27,38.68,181.95,87.46,320.70,0.32
2026-03-24,นางสาวภิญญาดา หอมจันทร์,A,A : ลานจอดรถ,A020,98.35151400,7.89590700,60,7.9,https://drive.google.com/open?id=1gabMvlllT_nGvQ8A5UCC1tXXcL2mE4VR,https://drive.google.com/open?id=1-IXxNS42bQF3a8zkxK5zl5e_2rjmEOHH,,,ศรีตรัง,Jacaranda,SP021,Jacaranda mimosifolia D.Don,แคทราย,ป่าดิบชื้น,19.09,66.65,21.43,4.36,92.44,24.96,117.40,56.44,206.93,0.21
2026-03-28,นางสาวญาณิศา ทองจีน,A,A : ลานจอดรถ,A021,98.35160600,7.89574700,50,8.9,https://drive.google.com/open?id=1bcEEhKsVZUqt_3PmlCly20XfpPenaaoi,https://drive.google.com/open?id=1uGWYs0xz9XurIiKgGSipS0VSPVx9buxN,,,ศรีตรัง,Jacaranda,SP021,Jacaranda mimosifolia D.Don,แคทราย,ป่าดิบชื้น,15.91,53.02,16.66,3.53,73.20,19.76,92.97,44.69,163.86,0.16
2026-03-28,นางสาวญาณิศา ทองจีน,A,A : ลานจอดรถ,A022,98.35154100,7.89585000,55,9.2,https://drive.google.com/open?id=1QztyBIIz6DWdc2iEoo-TklDMOXVNXQQr,https://drive.google.com/open?id=1tHDWtSMOacUG5IHsxVIWAdxZHPuOybUo,https://drive.google.com/open?id=1nogF8swrpR8jgMFYq05DxNomMYNELa_d,,ศรีตรัง,Jacaranda,SP021,Jacaranda mimosifolia D.Don,แคทราย,ป่าดิบชื้น,17.50,65.32,20.96,4.28,90.56,24.45,115.01,55.28,202.71,0.20
2026-03-28,นางสาวญาณิศา ทองจีน,A,A : ลานจอดรถ,A023,98.35151400,7.89590700,47,7.2,https://drive.google.com/open?id=1N_E1ffUIpuKLyNYy5uoPwti7LgRnZeAN,https://drive.google.com/open?id=1urlp7cs57UVLAt8U13c_dUf1Yz8DLocX,,,ศรีตรัง,Jacaranda,SP021,Jacaranda mimosifolia D.Don,แคทราย,ป่าดิบชื้น,14.95,38.76,11.80,2.62,53.19,14.36,67.55,32.47,119.06,0.12
2026-03-28,นางสาวญาณิศา ทองจีน,A,A : ลานจอดรถ,A024,98.35144400,7.89556600,120,12,https://drive.google.com/open?id=1Bwi04p7JOs0x6y3aFdoXrylJfQhjzch0,https://drive.google.com/open?id=1YGdhv8_3dAEimJSTaxQSm1KdQHNQLakB,https://drive.google.com/open?id=1oiapnXwKn_lMeQJWclmjLt3xqDF64bdT,,อโศก,Ashoka Tree,SP003,Saraca asoca,,ป่าดิบชื้น,38.18,358.61,136.72,16.30,511.63,138.14,649.76,312.34,1145.25,1.15
2026-03-28,นางสาวญาณิศา ทองจีน,A,A : ลานจอดรถ,A025,98.35133100,7.89544700,87,11,https://drive.google.com/open?id=1rzD9Pq-JWRbV6nr8gr_ScxWsYUn1Jq2X,,,,ปีบ,Indian Cork Tree,SP019,Millingtonia hortensis,กาสะลอง,ป่าเบญจพรรณ,27.68,181.50,37.52,6.54,225.56,60.90,286.46,140.40,514.78,0.51
2026-04-07,นาย เศรษฐพงศ์ บัวสวัสดิ์,A,A : ลานจอดรถ,A026,98.35170000,7.89521000,174,6.4,https://drive.google.com/open?id=1BCoV5UPE6SCCkPYlLBgcFlgr3xM57Wof,https://drive.google.com/open?id=1fXS0O_SiRihlzRsXSLsZC2ETFmB5OdMk,,,อโศก,Ashoka Tree,SP003,Saraca asoca,,ป่าดิบชื้น,55.36,399.03,153.78,17.37,570.18,153.95,724.13,348.09,1276.32,1.28
2026-04-07,นาย เศรษฐพงศ์ บัวสวัสดิ์,A,A : ลานจอดรถ,A027,98.35130000,7.89555000,200,3.2,https://drive.google.com/open?id=1r2XHe4bgUBb_KqP84okY00zJYEU8csox,https://drive.google.com/open?id=1d0Yb-v7dxiNmTmSiHylFFdqH9K0Cf61W,,https://drive.google.com/open?id=1MyMD5OyCzT6oNOBk03kLl8SpfHD4ZI_Z,ปาล์มน้ำมัน,Oil Palm,SP028,Elaeis guineensis,ปาล์ม,กลุ่มปาล์ม,63.64,0.00,0.00,0.00,33.35,13.67,47.03,19.42,71.22,0.07
2026-04-07,นาย เศรษฐพงศ์ บัวสวัสดิ์,A,A : ลานจอดรถ,A028,98.35120000,7.89567000,114.2,11.2,https://drive.google.com/open?id=1Cg59fqCKS7fNNx3zL9sDgz48Wl4vfzZh,https://drive.google.com/open?id=1Gu2uoxZfQXfRGmBhKl7OrdvDZXf7XOGb,,,หว้า,Java Plum,SP022,Syzygium cumini (L.) Skeels,หว้า,ป่าดิบชื้น,36.34,306.58,115.04,14.77,436.40,117.83,554.22,266.41,976.85,0.98
2026-04-07,นาย เศรษฐพงศ์ บัวสวัสดิ์,A,A : ลานจอดรถ,A029,98.35120000,7.89573000,149.4,16.5,https://drive.google.com/open?id=11rzRB9N9_EeKaxaIPISgMssoORtOjisw,https://drive.google.com/open?id=19xoRbOqVE0su110FUDVQ8aX22ntf9sgq,,,ยางนา,Resin Tree,SP042,Dipterocarpus alatus Roxb.,ยางนา,ป่าดิบชื้น,47.54,726.29,297.40,23.48,1047.17,282.74,1329.90,639.28,2344.04,2.34
2026-04-07,นาย เศรษฐพงศ์ บัวสวัสดิ์,A,A : ลานจอดรถ,A030,98.35120000,7.89598000,111.8,7.9,https://drive.google.com/open?id=1DblKNSk7CMyDZRVP7rH-ts3OgW0EnJao,https://drive.google.com/open?id=1ILhb6C5XYKp1zCwN2ssbJEGm1Mwov0LE,,https://drive.google.com/open?id=140QXi2hN7PgCoUr13bCQplBjeZ7hCvgt,ปาล์มน้ำมัน,Oil Palm,SP028,Elaeis guineensis,ปาล์ม,กลุ่มปาล์ม,35.57,0.00,0.00,0.00,81.18,33.28,114.46,47.27,173.33,0.17
2026-04-07,นาย ปรเมศวร์ นุ่มศึก,A,A : ลานจอดรถ,A031,98.35110000,7.89525000,56.4,5.4,https://drive.google.com/open?id=18M4VTknx8s7vFHhTBWladKfvWf39g8Ow,https://drive.google.com/open?id=1kisFrI7fxmRK51vKTthUCNuXI8bWUBKu,,https://drive.google.com/open?id=1ZIbEIGq04j6-C46yiNX8YaxsVeQZu61y,ปอหูช้าง,Parasite Tree,SP029,Macaranga tanarius,"หูหมี, หูช้าง, ปอหูช้าง",ป่าเบญจพรรณ,17.95,41.65,7.42,1.68,50.74,13.70,64.45,31.58,115.81,0.12
2026-04-07,นาย ปรเมศวร์ นุ่มศึก,A,A : ลานจอดรถ,A032,98.35160000,7.89524000,284,14.5,https://drive.google.com/open?id=1EgBw05DZF5a3NF239Fzr-7COVv3zal_B,https://drive.google.com/open?id=1wMVNuu4uJfZG6essbDbjDcgiZINjV3O6,,,ตีนเป็ด,Devil Tree,SP012,Alstonia scholaris,พญาสัตบรรณ,ป่าดิบชื้น,90.36,2133.57,974.33,32.48,3140.37,847.90,3988.27,1917.16,7029.59,7.03
2026-04-07,นาย ปรเมศวร์ นุ่มศึก,A,A : ลานจอดรถ,A033,98.35170000,7.89545000,167,8.9,https://drive.google.com/open?id=1YsHu4YiULtiei7n3YOo9fdAWaZt2pV6q,https://drive.google.com/open?id=11YHUepAgBcNXhB5LCudbzv1WBBcOh6Xo,,,ประดู่,Burmese Padauk,SP005,Pterocarpus macrocarpus,ประดู่,ป่าเบญจพรรณ,53.14,502.69,115.19,14.22,632.10,170.67,802.77,393.44,1442.60,1.44
2026-04-07,นาย ปรเมศวร์ นุ่มศึก,A,A : ลานจอดรถ,A034,98.35160000,7.89552000,114.8,6.3,https://drive.google.com/open?id=1nFD0eiiyi_EPnQp1ZCIZp0cPTdT7UIzB,https://drive.google.com/open?id=1I1T6aGB0d_W4newi9vtZUCWcr9o_1SPo,,,ทุ้งฟ้า,Bush Clockvine,SP007,Thunbergia erecta (Benth.) T.Anderson,รางจืดฝรั่ง,ป่าดิบชื้น,36.53,181.03,64.40,10.17,255.60,69.01,324.62,156.04,572.16,0.57
2026-04-07,นาย ปรเมศวร์ นุ่มศึก,A,A : ลานจอดรถ,A035,98.35130000,7.89572000,170,5,https://drive.google.com/open?id=1Y3ipEP0ko79r08t1VS21j9VdN3EdbuTD,https://drive.google.com/open?id=11rk3H5ZyQ_nKW5m0vaDjms6uiaqwQJwE,,https://drive.google.com/open?id=1mZfLutVeodL1C_9TrEKwvLtz5fx5r3v1,ปาล์มน้ำมัน,Oil Palm,SP028,Elaeis guineensis,ปาล์ม,กลุ่มปาล์ม,54.09,0.00,0.00,0.00,52.82,21.66,74.48,30.76,112.79,0.11
2026-03-26,นางสาววรรณชนก อมิตรสูญ,B,B : สนามฟุตบอล,B001,98.35188750,7.89577908,159,13.8,https://drive.google.com/open?id=1F7Ky0rppxO1XFC3TOjX_7UBCS-NXhN5p,https://drive.google.com/open?id=1Xa_YOtUQPgZfGJssN2fP_9d9canELBVp,,,ยางนา,Resin Tree,SP042,Dipterocarpus alatus Roxb.,ยางนา,ป่าดิบชื้น,50.59,690.53,281.31,22.98,994.82,268.60,1263.42,607.33,2226.86,2.23
2026-03-26,นางสาววรรณชนก อมิตรสูญ,B,B : สนามฟุตบอล,B002,98.35168149,7.89596448,98,11.7,https://drive.google.com/open?id=1THjEafynSFLBeW6ALootsi7twschcTDd,https://drive.google.com/open?id=10WShJRvNL7R2HJiRyWkdFffLJT41wmLU,,,ประดู่,Burmese Padauk,SP005,Pterocarpus macrocarpus,ประดู่,ป่าเบญจพรรณ,31.18,240.05,51.04,8.25,299.35,80.82,380.18,186.32,683.19,0.68
2026-03-26,นางสาววรรณชนก อมิตรสูญ,B,B : สนามฟุตบอล,B003,98.35195403,7.89616466,59,8.2,https://drive.google.com/open?id=1gHB6xJSwbWqTnYW-38jSLhWBv3PkgWGt,https://drive.google.com/open?id=17YaTQxhd57MCF1AOaRDKHyxZSPVGvMiP,https://drive.google.com/open?id=1pznhZIUTrpex4ukRelVeBmV1Sjd0Ggeq,,ศรีตรัง,Jacaranda,SP021,Jacaranda mimosifolia D.Don,แคทราย,ป่าดิบชื้น,18.77,66.88,21.51,4.37,92.77,25.05,117.81,56.63,207.65,0.21
2026-03-26,นางสาววรรณชนก อมิตรสูญ,B,B : สนามฟุตบอล,B004,98.35185000,7.89575419,87,6.1,https://drive.google.com/open?id=18mRG7xRWwlbecq26dvP2AHiih97h-ePB,https://drive.google.com/open?id=1ujpwhip1Fydt3F1JNKiU7WxXpdnf5o20,,,แคป่า,Dolichandrone,SP013,Dolichandrone serrulata,แคป่า,ป่าเบญจพรรณ,27.68,104.73,20.48,4.02,129.23,34.89,164.12,80.44,294.93,0.29
2026-03-26,นายสรศักดิ์ พันธุ์กา,B,B : สนามฟุตบอล,B005,98.35188900,7.89573035,150,11.3,https://drive.google.com/open?id=19mwPX4FVwSlhiCJoHTXQHXsg5q6mABxc,https://drive.google.com/open?id=1wGaRIBz5zBLsz3DeA1fSCUeAZj17iu7i,,https://drive.google.com/open?id=1jwZJ38JVlZnKQGuM2bj9OJifPX8r3_u5,เสลา,Lagerstroemia,SP024,Lagerstroemia loudonii,เสลา,ป่าเบญจพรรณ,47.73,514.08,118.07,14.43,646.59,174.58,821.16,402.45,1475.66,1.48
2026-03-26,นายสรศักดิ์ พันธุ์กา,B,B : สนามฟุตบอล,B006,98.35214858,7.89542743,68,8.3,https://drive.google.com/open?id=1UDK0nUbyt8xtNt8TXECzWKUJxrIAk2gm,https://drive.google.com/open?id=1DaIWIdLxUKr7efjGmSLHs2ui1QN2y6Fa,,,พะยอม,Shorea,SP037,Shorea roxburghii,พะยอม,ป่าเบญจพรรณ,21.64,88.15,16.94,3.43,108.52,29.30,137.81,67.54,247.66,0.25
2026-03-26,นายสรศักดิ์ พันธุ์กา,B,B : สนามฟุตบอล,B007,98.35215389,7.89546664,155,8.2,https://drive.google.com/open?id=15tR2WpBvVSu4Mze6nZPEk-uGVrulGu0f,https://drive.google.com/open?id=1v6yBx2xauzyDC70X4ZAhUwbPmw8AO4we,,,แซะ,Siamese Rough Bush,SP038,Streblus asper,ข่อย,ป่าเบญจพรรณ,49.32,405.24,90.86,12.28,508.38,137.26,645.64,316.43,1160.25,1.16
2026-03-26,นายสรศักดิ์ พันธุ์กา,B,B : สนามฟุตบอล,B008,98.35233351,7.89542040,77,9.6,https://drive.google.com/open?id=1YSD56d2FnIkRwCxCsXq0qAR6_wOupeJU,https://drive.google.com/open?id=1D_wB-lvc4wSPXI2X5-MRQUeDPBTla3iX,,,ศรีตรัง,Jacaranda,SP021,Jacaranda mimosifolia D.Don,แคทราย,ป่าดิบชื้น,24.50,127.30,43.70,7.68,178.68,48.24,226.93,109.08,399.97,0.40
2026-03-26,นายสรศักดิ์ พันธุ์กา,B,B : สนามฟุตบอล,B009,98.35251910,7.89541714,67,9.7,https://drive.google.com/open?id=17WDtl09rItQ1xbUlajJ8A6AU5WaugiWM,https://drive.google.com/open?id=1T1Kxa-aaUEto6ZoIm-8ANcQXNUR8KamU,https://drive.google.com/open?id=1ch7uaGg-flJC1KzjP9wKXnrvk7CX-esT,,ศรีตรัง,Jacaranda,SP021,Jacaranda mimosifolia D.Don,แคทราย,ป่าดิบชื้น,21.32,99.16,33.19,6.21,138.56,37.41,175.98,84.59,310.17,0.31
2026-03-26,นางสาววรรณชนก อมิตรสูญ,B,B : สนามฟุตบอล,B010,98.35271893,7.89551002,157,10.6,https://drive.google.com/open?id=15jrpjol_Ymxalc12Ci4d-RBgsGUGjJOF,https://drive.google.com/open?id=1cRQALcvoZTWmsW8OX-kGBfrPQyOqqEAr,,,แซะ,Siamese Rough Bush,SP038,Streblus asper,ข่อย,ป่าเบญจพรรณ,49.95,527.32,121.43,14.67,663.42,179.12,842.55,412.93,1514.08,1.51
2026-03-26,นางสาววรรณชนก อมิตรสูญ,B,B : สนามฟุตบอล,B011,98.35295824,7.89551591,51,4.6,https://drive.google.com/open?id=1tNi2FnJLUOeczJm2ktd3_SvFbIzxOfJe,https://drive.google.com/open?id=1nunkchxl9unmWm_xe7I9KBllMyrsrXGN,,,แซะ,Siamese Rough Bush,SP038,Streblus asper,ข่อย,ป่าเบญจพรรณ,16.23,29.73,5.12,1.21,36.05,9.73,45.78,22.44,82.27,0.08
2026-03-26,นางสาววรรณชนก อมิตรสูญ,B,B : สนามฟุตบอล,B012,98.35331817,7.89558912,81,8.6,https://drive.google.com/open?id=1MRA42HJOKeUfoR-lwuajvEE3jYkFKc3-,https://drive.google.com/open?id=1NDloiVgGHPzR4BK_ihX4JZrmQIofGHrt,,,ปาล์มใบพัด,Fan Palm,SP016,Licuala spinosa Thunb.,ปาล์มใบพัด,กลุ่มปาล์ม,25.77,0.00,0.00,0.00,87.60,35.92,123.52,51.01,187.05,0.19
2026-03-26,นางสาววรรณชนก อมิตรสูญ,B,B : สนามฟุตบอล,B013,98.35316520,7.89574650,87,6,https://drive.google.com/open?id=1nKzO1Z84swJrHaBV4bmLuHdVO9vYk8yc,https://drive.google.com/open?id=1sGhQXKUT4g06LypMxoikcKEpdI45eG-X,,,แซะ,Siamese Rough Bush,SP038,Streblus asper,ข่อย,ป่าเบญจพรรณ,27.68,103.13,20.13,3.97,127.23,34.35,161.58,79.19,290.36,0.29
2026-03-26,นางสาววรรณชนก อมิตรสูญ,B,B : สนามฟุตบอล,B014,98.35327147,7.89589949,107,12.9,https://drive.google.com/open?id=1i7f9uYJX6aSVbmh55pQfq45Och8U0H7x,https://drive.google.com/open?id=1pa8fkmreDwNAdlqZAjFyWaI-xHMmcTNF,,,ตะเคียน,Iron Wood,SP020,Hopea odorata Roxb.,ตะเคียนทอง,ป่าดิบชื้น,34.05,309.76,116.36,14.87,440.99,119.07,560.06,269.22,987.14,0.99
2026-03-26,นางสาววรรณชนก อมิตรสูญ,B,B : สนามฟุตบอล,B015,98.35320649,7.89598181,98,11.2,https://drive.google.com/open?id=1D7ZKuFbwSkNh3j68YOV4WFnaVhgvZm3o,https://drive.google.com/open?id=1KXqxS2mNn48KquQdYjX1TH9gfIIuRy3z,,,ตะเคียน,Iron Wood,SP020,Hopea odorata Roxb.,ตะเคียนทอง,ป่าดิบชื้น,31.18,230.47,84.02,12.16,326.65,88.20,414.85,199.42,731.20,0.73
2026-03-30,นางสาวภิญญาดา หอมจันทร์,B,B : สนามฟุตบอล,B016,98.35178400,7.89603600,37,5.8,https://drive.google.com/open?id=1RxHW_r3YUTz2KvVUNA5bUR95JdO3n9Yf,https://drive.google.com/open?id=1Cfi85Q9FFpEguxEc0eFpRZAagVmd1byc,,,มะค่าโมง,Black Rosewood,SP030,Afzelia xylocarpa ( Kurz) Craib,"มะค่าใหญ่ , มะค่าหลวง",ป่าเบญจพรรณ,11.77,20.28,3.36,0.83,24.46,6.61,31.07,15.23,55.83,0.06
2026-03-30,นางสาวภิญญาดา หอมจันทร์,B,B : สนามฟุตบอล,B017,98.35173900,7.89597300,67.2,6.9,https://drive.google.com/open?id=1aO5cSwTvTpEemtFfBcW4vS89Do-yXYAW,,,,ปาล์มหางหมาจิ้งจอก,Foxtail Palm,SP017,Wodyetia bifurcata A.K.Irvine,ปาล์มหางหมาจิ้งจอก หางหมาป่า,กลุ่มปาล์ม,21.38,0.00,0.00,0.00,71.74,29.41,101.16,41.78,153.18,0.15
2026-03-30,นางสาวภิญญาดา หอมจันทร์,B,B : สนามฟุตบอล,B018,98.35174000,7.89617100,86,10.6,https://drive.google.com/open?id=1bvU6-_gr63_digyNlxWPTX9wgJWDhsyt,https://drive.google.com/open?id=1maSrynavy5-3zWsbcUnJzJy1Ln156Im6,,,หางนกยูงฝรั่ง,Royal Poinciana,SP035,Delonix regia,หางนกยูง,ป่าเบญจพรรณ,27.36,171.60,35.27,6.24,213.10,57.54,270.64,132.64,486.35,0.49
2026-03-30,นางสาวภิญญาดา หอมจันทร์,B,B : สนามฟุตบอล,B019,98.35178600,7.89614700,244.2,9.8,https://drive.google.com/open?id=1D9-QPmBeReGDfqfD7S9-8F9WaKQye1cZ,https://drive.google.com/open?id=1nKxAKpsrcPOSdNl1X5RabHzcDdl9LAPz,,,ตีนเป็ด,Devil Tree,SP012,Alstonia scholaris,พญาสัตบรรณ,ป่าดิบชื้น,77.70,1117.19,477.84,27.56,1622.59,438.10,2060.68,990.57,3632.09,3.63
2026-03-30,นางสาวภิญญาดา หอมจันทร์,B,B : สนามฟุตบอล,B020,98.35198300,7.89596700,60,6.7,https://drive.google.com/open?id=1OKfxSiMq7e6AYocAGtgMXgin8FDJfuFW,https://drive.google.com/open?id=1aUDIeDQYQJzqpx5mQ8wKc7FlSLf-ocB_,,,นนทรี,Yellow Flame Tree,SP043,Peltophorum pterocarpum,"นนทรี , นนทรีเหลือง",ป่าเบญจพรรณ,19.09,57.16,10.51,2.28,69.95,18.89,88.84,43.54,159.64,0.16
2026-03-30,นาย ปรเมศวร์ นุ่มศึก,B,B : สนามฟุตบอล,B021,98.35162200,7.89629300,38.6,6.2,https://drive.google.com/open?id=1kz3PqeQJxWuW2Qw1_q1j1foTG0qdHzxz,https://drive.google.com/open?id=1mnWo9GjJOGs_wYDQIMF__v-SQnJXMQun,,,นนทรี,Yellow Flame Tree,SP043,Peltophorum pterocarpum,"นนทรี , นนทรีเหลือง",ป่าเบญจพรรณ,12.28,23.35,3.92,0.95,28.23,7.62,35.85,17.57,64.42,0.06
2026-03-30,นาย ปรเมศวร์ นุ่มศึก,B,B : สนามฟุตบอล,B022,98.35152000,7.89618000,31,5.4,https://drive.google.com/open?id=1NOBQdJFN8BmQ2IdgVX3mM18J94FYPvwx,https://drive.google.com/open?id=1sfJrijub_u8wcb7e7quqCf4W5GzW4CEJ,https://drive.google.com/open?id=13pyQzxy_EO9EwAKLPv08cx3dCMpWqZJW,,ศรีตรัง,Jacaranda,SP021,Jacaranda mimosifolia D.Don,แคทราย,ป่าดิบชื้น,9.86,13.64,3.73,0.94,18.32,4.95,23.26,11.18,41.00,0.04
2026-03-30,นาย ปรเมศวร์ นุ่มศึก,B,B : สนามฟุตบอล,B023,98.35344900,7.89650600,49.4,6,https://drive.google.com/open?id=1YuaSEyGcGiSX72Rb_wEqd4NH7aN0zfLm,https://drive.google.com/open?id=1ZHoUWtcSnkHRLFnUpAS8ZZay8faTSh0n,,,กระถิน,Lead Tree,SP025,Leucaena leucocephala,กระถินไทย,ป่าเบญจพรรณ,15.72,35.89,6.30,1.45,43.63,11.78,55.41,27.16,99.58,0.10
2026-03-30,นาย ปรเมศวร์ นุ่มศึก,B,B : สนามฟุตบอล,B024,98.35323900,7.89624500,49.2,2.8,https://drive.google.com/open?id=1U5Pca1YI1tADUFVgdGxIN2uNuzTS_hUx,https://drive.google.com/open?id=1YAKWRDN70wMrMtlYCh5M3VrpqtQ7ngP4,https://drive.google.com/open?id=1Zt5GFtL4yLAysa_ELhNReIEMNX0X1heW,,หมาก,Areca Palm,SP002,Areca catechu,"หมาก, หมากสง",กลุ่มปาล์ม,15.65,0.00,0.00,0.00,28.76,11.79,40.56,16.75,61.42,0.06
2026-03-30,นาย ปรเมศวร์ นุ่มศึก,B,B : สนามฟุตบอล,B025,98.35321300,7.89601200,102.6,8.8,https://drive.google.com/open?id=1mkcaQu1uxMa8u8yRosq1h28OzNE2KqCj,https://drive.google.com/open?id=1s-xG7s5b5Teb5K8Mp5VRi7ONk3i8vWfR,,,ขี้เหล็ก,Kassod Tree,SP023,Senna siamea,ขี้เหล็ก,ป่าเบญจพรรณ,32.65,200.49,41.86,7.12,249.47,67.36,316.83,155.28,569.35,0.57
2026-03-30,นาย เศรษฐพงศ์ บัวสวัสดิ์,B,B : สนามฟุตบอล,B026,98.35328600,7.89591800,52,6.2,https://drive.google.com/open?id=1ID5iGB9Ht2JQIOh-QQ7mI-R9fSZ0i7i8,https://drive.google.com/open?id=1I12xJEV8qszHR2tW3suryMEm8k8jzvzD,,,จามจุรี,Rain Tree,SP034,Samanea saman (Jacq.) Merr,ก้ามปู,ป่าเบญจพรรณ,16.55,40.72,7.23,1.64,49.59,13.39,62.98,30.87,113.18,0.11
2026-03-30,นาย เศรษฐพงศ์ บัวสวัสดิ์,B,B : สนามฟุตบอล,B027,98.35339800,7.89572800,65,10.1,https://drive.google.com/open?id=10mCQylnQdDZnH1IqAzGXNexalhcBcTtm,https://drive.google.com/open?id=1CP6zDohzCcKtIFI01tEc6lZEKUbQsaw8,,,จามจุรี,Rain Tree,SP034,Samanea saman (Jacq.) Merr,ก้ามปู,ป่าเบญจพรรณ,20.68,97.31,18.88,3.76,119.96,32.39,152.34,74.66,273.77,0.27
2026-03-30,นาย เศรษฐพงศ์ บัวสวัสดิ์,B,B : สนามฟุตบอล,B028,98.35329000,7.89553000,187,10.7,https://drive.google.com/open?id=1FVWOCAWyQbrzILgtSDphQpSvYiIl9Qeb,https://drive.google.com/open?id=1cNwfVuPsEzyU3RFbvbqbcjCSBI1mzf0n,,,มะฮอกกานี,Mahogany,SP026,Swietenia mahogany (L.) Jacq.,-,ป่าดิบชื้น,59.50,737.10,302.28,23.63,1063.01,287.01,1350.02,648.95,2379.50,2.38
2026-03-30,นาย เศรษฐพงศ์ บัวสวัสดิ์,B,B : สนามฟุตบอล,B029,98.35321600,7.89556800,116.2,6.2,https://drive.google.com/open?id=19rwi-yEupEpuMPoeU5fl3naiiKHV5zAB,https://drive.google.com/open?id=192jmAAWWdwgKKMEWl-M8Q-eprwMMZ-2C,,,ควีนปาล์ม,Queen Palm,SP031,Syagrus romanzoffiana,ปาล์มราชินี,กลุ่มปาล์ม,36.97,0.00,0.00,0.00,64.94,26.62,91.56,37.81,138.65,0.14
2026-03-30,นาย เศรษฐพงศ์ บัวสวัสดิ์,B,B : สนามฟุตบอล,B030,98.35304600,7.89549100,120,9.2,https://drive.google.com/open?id=1NrafTZke9sADA843xJyPDTpkP-62nwOZ,https://drive.google.com/open?id=1CFJ2J9JC_jQ-OXQokqc6lrrbpni32rdQ,,,ตีนเป็ด,Devil Tree,SP012,Alstonia scholaris,พญาสัตบรรณ,ป่าดิบชื้น,38.18,279.90,104.07,13.91,397.88,107.43,505.31,242.90,890.64,0.89
2026-03-30,นาย เศรษฐพงศ์ บัวสวัสดิ์,B,B : สนามฟุตบอล,B031,98.35293900,7.89542500,91,8.5,https://drive.google.com/open?id=19qakKPpeSEawrRdBKSqg62XVOSD-CAxl,https://drive.google.com/open?id=1VQWxApFNQkXyfuBCY4c9kHfQQRQrZQnm,https://drive.google.com/open?id=1GK3TMT5r67-lfUnHdtsNK-vP97FBvhiJ,,ศรีตรัง,Jacaranda,SP021,Jacaranda mimosifolia D.Don,แคทราย,ป่าดิบชื้น,28.95,155.19,54.36,9.02,218.56,59.01,277.58,133.43,489.25,0.49
2026-03-30,นางสาวญาณิศา ทองจีน,B,B : สนามฟุตบอล,B032,98.35268100,7.89538600,70.4,7.3,https://drive.google.com/open?id=1kOtYCI1YhXYArFBHWwrMg8YDsbzS5zlb,https://drive.google.com/open?id=1KVbvC7CA-E83vI8o7KLRZ7WNfEhlDbxa,https://drive.google.com/open?id=1aMjmjZVn6VON6pSd-DKJsmkAZnRejFRu,,ศรีตรัง,Jacaranda,SP021,Jacaranda mimosifolia D.Don,แคทราย,ป่าดิบชื้น,22.40,83.43,27.44,5.34,116.21,31.38,147.58,70.94,260.13,0.26
2026-03-30,นางสาวญาณิศา ทองจีน,B,B : สนามฟุตบอล,B033,98.35255000,7.89551500,200.2,7.4,https://drive.google.com/open?id=1ip24jkhv3RhuVgWyBzxwQGhS5uAU_dR3,https://drive.google.com/open?id=1yNz39Ep_s8uLeU5vs0r3ssG-9ceYX4oq,,,บัวสวรรค์,Gustavia,SP018,Gustavia gracillima,กัสตาเวีย บัวฝรั่ง,ป่าดิบชื้น,63.70,593.50,238.11,21.44,853.05,230.32,1083.37,520.78,1909.51,1.91
2026-03-30,นางสาวญาณิศา ทองจีน,B,B : สนามฟุตบอล,B034,98.35231600,7.89548400,229,9.9,https://drive.google.com/open?id=1lyEL2pFhbYJ_-JPat9YCnLdQa5WLJ3QK,https://drive.google.com/open?id=1P8dkVWk5Sbl40nVoqv_yAY5wQuNtXzHh,,,บัวสวรรค์,Gustavia,SP018,Gustavia gracillima,กัสตาเวีย บัวฝรั่ง,ป่าดิบชื้น,72.86,1000.41,423.14,26.56,1450.12,391.53,1841.65,885.28,3246.03,3.25
2026-03-30,นางสาวญาณิศา ทองจีน,B,B : สนามฟุตบอล,B035,98.35203000,7.89544500,47.8,6.2,https://drive.google.com/open?id=1tFPwCLOdhUCvGhSmfWMkTX3UBjuljoZF,https://drive.google.com/open?id=1l8RIdUJGZQAAE6CELmycj1M1yw7qFUPZ,,,ศรีตรัง,Jacaranda,SP021,Jacaranda mimosifolia D.Don,แคทราย,ป่าดิบชื้น,15.21,34.80,10.48,2.37,47.64,12.86,60.50,29.08,106.64,0.11
2026-03-17,นายสรศักดิ์ พันธุ์กา,C,C : อาคารเรียน,C001,98.35365262,7.89429050,436,18.4,https://drive.google.com/open?id=1XXiK_LtQ0blpNkBN80fw3xfgbM5gGpx8,https://drive.google.com/open?id=1F1HkqZnhewFkV_lDjF614OpvfMqr9OFt,,,จามจุรี,Rain Tree,SP034,Samanea saman (Jacq.) Merr,ก้ามปู,ป่าเบญจพรรณ,138.73,5926.86,1743.49,34.90,7705.26,2080.42,9785.67,4795.96,17585.18,17.59
2026-03-17,นายสรศักดิ์ พันธุ์กา,C,C : อาคารเรียน,C002,98.35374810,7.89437704,94.8,9.4,https://drive.google.com/open?id=1SQH_quBE6E_0YuVKovFFFEfnf4rwKuSm,https://drive.google.com/open?id=15j2SIHfMhiwkWmtCi46SHYsDL-JYHByX,,,มะม่วง,Mango,SP027,Mangifera indica,มะม่วง,ป่าดิบชื้น,30.16,183.98,65.56,10.30,259.83,70.15,329.99,158.62,581.62,0.58
2026-03-17,นายสรศักดิ์ พันธุ์กา,C,C : อาคารเรียน,C003,98.35384700,7.89422630,84.6,14.6,https://drive.google.com/open?id=1dhDWkayiUFMg_n8k-JZxhYb6ekTnfNE_,https://drive.google.com/open?id=1oR7EdqMi3YVU6O3QT3CSFUr695B0lGDc,,,ยางนา,Resin Tree,SP042,Dipterocarpus alatus Roxb.,ยางนา,ป่าดิบชื้น,26.92,224.33,81.56,11.93,317.82,85.81,403.63,194.02,711.42,0.71
2026-03-17,นายสรศักดิ์ พันธุ์กา,C,C : อาคารเรียน,C004,98.35397193,7.89405867,148.5,23.3,https://drive.google.com/open?id=1dPc_Rof2mhIaIvklJeJOPJR9OUGl0mZv,https://drive.google.com/open?id=1GQkICTZcAMgOlhvUBmprw9mCUTHfNDcI,,,ยางนา,Resin Tree,SP042,Dipterocarpus alatus Roxb.,ยางนา,ป่าดิบชื้น,47.25,990.80,418.66,26.48,1435.94,387.70,1823.64,876.62,3214.29,3.21
2026-03-17,นายสรศักดิ์ พันธุ์กา,C,C : อาคารเรียน,C005,98.35384666,7.89394641,68.7,14.1,https://drive.google.com/open?id=1xDNXJ9T7DePXaf2IpIMojAhR6DgCSYt8,https://drive.google.com/open?id=1T97OSNW-KccjwJAa5Utgbrb0COEYOLo6,https://drive.google.com/open?id=10LxlUdkteb9v0vEB2P1zHXfhP9UviemD,,ศรีตรัง,Jacaranda,SP021,Jacaranda mimosifolia D.Don,แคทราย,ป่าดิบชื้น,21.86,147.28,51.31,8.65,207.24,55.95,263.19,126.52,463.89,0.46
2026-03-17,นายสรศักดิ์ พันธุ์กา,C,C : อาคารเรียน,C006,98.35394598,7.89366565,158.8,12.6,https://drive.google.com/open?id=1Ck2YxC1mBo-keNTBNWpdoRpvUKIts9Nq,https://drive.google.com/open?id=1_H6UEVivOkgKI64ZhmshGBevArPMILqb,,,ปาล์มใบพัด,Fan Palm,SP016,Licuala spinosa Thunb.,ปาล์มใบพัด,กลุ่มปาล์ม,50.53,0.00,0.00,0.00,122.02,50.03,172.05,71.06,260.54,0.26
2026-03-17,นายสรศักดิ์ พันธุ์กา,C,C : อาคารเรียน,C007,98.35366500,7.89349359,30,3,https://drive.google.com/open?id=14MQogqCJE1Pr3tcA0vLzVAkXa5W_7vzD,https://drive.google.com/open?id=1xv5XslvD0eN2I_vFCzjWvpStUU6p5GyB,,,ปาล์มหางหมาจิ้งจอก,Foxtail Palm,SP017,Wodyetia bifurcata A.K.Irvine,ปาล์มหางหมาจิ้งจอก หางหมาป่า,กลุ่มปาล์ม,9.55,0.00,0.00,0.00,31.07,12.74,43.81,18.09,66.35,0.07
2026-03-17,นายสรศักดิ์ พันธุ์กา,C,C : อาคารเรียน,C008,98.35371347,7.89334545,58,6.8,https://drive.google.com/open?id=1UWu5h1IvXurkFxS9afu5_qLoq0uLQsM9,https://drive.google.com/open?id=1BAwhrVnNNdE9qDYoD0clcgECNiGaSNDb,,,สนประดิพัทธ์,Sea Pine,SP036,Casuarina equisetifolia L.,สนทะเล,ป่าเบญจพรรณ,18.45,54.40,9.95,2.17,66.53,17.96,84.50,41.41,151.84,0.15
2026-03-17,นายสรศักดิ์ พันธุ์กา,C,C : อาคารเรียน,C009,98.35346423,7.89303282,54.6,6.9,https://drive.google.com/open?id=1ZjHdEi9_CuBOwjEqDEsMYR1s9z2-oxM_,https://drive.google.com/open?id=1IWiJmqfTuZ6-cR5zODfiJvBCWWJbo_Ul,,,อินทนิล,Queen’s Flower,SP033,Lagerstroemia speciosa,อินทนิลน้ำ,ป่าดิบชื้น,17.37,49.27,15.37,3.30,67.93,18.34,86.28,41.47,152.07,0.15
2026-03-17,นายสรศักดิ์ พันธุ์กา,C,C : อาคารเรียน,C010,98.35256045,7.89311827,92,8.5,https://drive.google.com/open?id=1autfUJLKLfrEbLHW9LyEBXeiix5J6tvL,https://drive.google.com/open?id=1Nx7ENQEUR9jLGsqbfxiwoVvQO-ZVsooV,,,ตะเคียน,Iron Wood,SP020,Hopea odorata Roxb.,ตะเคียนทอง,ป่าดิบชื้น,29.27,158.39,55.59,9.16,223.14,60.25,283.39,136.22,499.49,0.50
2026-03-17,นายสรศักดิ์ พันธุ์กา,C,C : อาคารเรียน,C011,98.35230206,7.89290190,84.8,6.2,https://drive.google.com/open?id=1jBKaBzMmJZ_X5K6-3MDwDsquAd7RUahJ,https://drive.google.com/open?id=1ueDBhRtSYqqCKpn33YW_m2kqjuOa_mSg,,,ปาล์มหางหมาจิ้งจอก,Foxtail Palm,SP017,Wodyetia bifurcata A.K.Irvine,ปาล์มหางหมาจิ้งจอก หางหมาป่า,กลุ่มปาล์ม,26.98,0.00,0.00,0.00,64.94,26.62,91.56,37.81,138.65,0.14
2026-03-17,นายสรศักดิ์ พันธุ์กา,C,C : อาคารเรียน,C012,98.35174986,7.89318331,104,11.5,https://drive.google.com/open?id=1-hUIz_1-xkpXABQDIILKGv9dp2D6rEO1,https://drive.google.com/open?id=1yQ5SNE5xcH2L7u6Pmgg2UeSCuvTx5Evi,,,ประดู่,Burmese Padauk,SP005,Pterocarpus macrocarpus,ประดู่,ป่าเบญจพรรณ,33.09,263.91,56.66,8.90,329.47,88.96,418.43,205.07,751.94,0.75
2026-03-17,นายสรศักดิ์ พันธุ์กา,C,C : อาคารเรียน,C013,98.35174634,7.89337611,89,9.4,https://drive.google.com/open?id=1A5Wb-fCU90abTIx5r5-gcFPZgULBApK3,https://drive.google.com/open?id=1DEIqq_BoWIKae6i2Sc9XBNhzDRzkx9Rx,,,จำปา,Champak,SP010,Magnolia champaca,จำปาทอง,ป่าดิบชื้น,28.32,163.54,57.59,9.40,230.52,62.24,292.77,140.73,516.02,0.52
2026-03-17,นายสรศักดิ์ พันธุ์กา,C,C : อาคารเรียน,C014,98.35144915,7.89409096,76.8,7.1,https://drive.google.com/open?id=1kSFATn20qMO4amrNI4QbCuYtaVFlEtHu,https://drive.google.com/open?id=1X62YdlZtReCvktS0a7Vj1qAi4Fn2Yh9Z,,,หูกระจง,Black Olive,SP004,Terminalia ivorensis,หูกระจง,ป่าดิบชื้น,24.44,95.62,31.89,6.02,133.53,36.05,169.58,81.52,298.89,0.30
2026-03-17,นายสรศักดิ์ พันธุ์กา,C,C : อาคารเรียน,C015,98.35165905,7.89446745,91,8.5,https://drive.google.com/open?id=10Cq5WN27rX5t0SotEApVhDDScjiK9vwR,https://drive.google.com/open?id=1eYPVQvP9WTIb5atDwTaXekuVoksFnfB5,,,หูกระจง,Black Olive,SP004,Terminalia ivorensis,หูกระจง,ป่าดิบชื้น,28.95,155.19,54.36,9.02,218.56,59.01,277.58,133.43,489.25,0.49
2026-03-17,นางสาวภิญญาดา หอมจันทร์,C,C : อาคารเรียน,C016,98.35348200,7.89464200,71,5.7,https://drive.google.com/open?id=1aKgystVchSIGmIX1_WgnazmvgHsmAxpW,https://drive.google.com/open?id=18KLcdvtJWk8uTq9QinI63BiEsY8of3q9,,,ปาล์มหางหมาจิ้งจอก,Foxtail Palm,SP017,Wodyetia bifurcata A.K.Irvine,ปาล์มหางหมาจิ้งจอก หางหมาป่า,กลุ่มปาล์ม,22.59,0.00,0.00,0.00,59.96,24.58,84.55,34.92,128.03,0.13
2026-03-17,นาย ปรเมศวร์ นุ่มศึก,C,C : อาคารเรียน,C017,98.35364800,7.89440100,80,10.5,https://drive.google.com/open?id=1j6Q6mN11e6R2wlxjkJSntxBLY2nVxhce,https://drive.google.com/open?id=16VDdJC3FCOt_D7ScnTVUZdcaBXO_7HnF,https://drive.google.com/open?id=11t0pxGPquwnheKMy2WssKRultgkVMZnE,,ศรีตรัง,Jacaranda,SP021,Jacaranda mimosifolia D.Don,แคทราย,ป่าดิบชื้น,25.45,148.62,51.83,8.71,209.16,56.47,265.64,127.69,468.21,0.47
2026-03-17,นางสาวญาณิศา ทองจีน,C,C : อาคารเรียน,C018,98.35361000,7.89462200,98,6.6,https://drive.google.com/open?id=16bH4dSzKyjBdGkrtLBWvpU56_OVzHL1i,https://drive.google.com/open?id=1P1YkrA-Q5OQApM6h_ev1ivjp5qiIgnLz,,,ปีบ,Indian Cork Tree,SP019,Millingtonia hortensis,กาสะลอง,ป่าเบญจพรรณ,31.18,140.74,28.35,5.25,174.34,47.07,221.42,108.52,397.89,0.40
2026-03-17,นางสาวญาณิศา ทองจีน,C,C : อาคารเรียน,C019,98.35356800,7.89469800,103,5.9,https://drive.google.com/open?id=11U8MiZqyl5JoaAgtpANIRfsTq4HjsNtS,https://drive.google.com/open?id=1xEID08k7OdO8JtvjiNfeqp1p1Q2jy48M,https://drive.google.com/open?id=1HKsNlGSSLWhnkXNEXLziQBIS_0VmauHf,https://drive.google.com/open?id=1oddG3c7t5aKvTy5mPfmZsgf89QCp3gcC,สาละลังกา,Cannonball Tree,SP008,Couroupita guianensis Aubl.,ลูกปืนใหญ่,ป่าดิบชื้น,32.77,139.10,48.18,8.26,195.54,52.80,248.34,119.37,437.71,0.44
2026-03-17,นางสาวญาณิศา ทองจีน,C,C : อาคารเรียน,C020,98.35351800,7.89455400,87,5.2,https://drive.google.com/open?id=11FRDGvd4EfQBZplocM4Qkwuvts6jl8ws,https://drive.google.com/open?id=1017F2EO3--aQDi_BDndLSeOf_e8Va7gy,,,ตีนเป็ด,Devil Tree,SP012,Alstonia scholaris,พญาสัตบรรณ,ป่าดิบชื้น,27.68,90.24,29.92,5.72,125.89,33.99,159.88,76.85,281.79,0.28
2026-03-17,นาย เศรษฐพงศ์ บัวสวัสดิ์,C,C : อาคารเรียน,C021,98.35362900,7.89335300,126,6.4,https://drive.google.com/open?id=1V-WSQk9MSKRld1km1kGLXxugGkk3jOVH,https://drive.google.com/open?id=10aHdSDH901PFyM74lmbWLxe-Zp0PlTVw,,,ปาล์มใบพัด,Fan Palm,SP016,Licuala spinosa Thunb.,ปาล์มใบพัด,กลุ่มปาล์ม,40.09,0.00,0.00,0.00,66.90,27.43,94.33,38.96,142.84,0.14
2026-03-17,นาย เศรษฐพงศ์ บัวสวัสดิ์,C,C : อาคารเรียน,C022,98.35388500,7.89445800,120,6.6,https://drive.google.com/open?id=1yvDC9EkWWKDQuKEMOOVi9YsaY_AeTMPo,https://drive.google.com/open?id=1AbB52uEIiv-6YBP14ApC6xHPE2qgXsPa,,,มั่งมี,Good Luck Plant,SP040,Cordyline fruticosa (L.) A.Chev.,หมากผู้หมากเมีย,ป่าดิบชื้น,38.18,205.34,73.99,11.18,290.51,78.44,368.95,177.36,650.30,0.65
2026-03-21,นางสาวญาณิศา ทองจีน,C,C : อาคารเรียน,C023,98.35371200,7.89455600,58.2,7.6,https://drive.google.com/open?id=1SzCy9DNnq_QWMXXruCvUlH7JU3Q---ft,https://drive.google.com/open?id=1lP3ZyWzr85PEh1B4wqNUhXROUrTEgHTt,,,หูกวาง,Tropical Almond,SP041,Terminalia catappa,หูกวาง,ป่าเบญจพรรณ,18.52,60.74,11.24,2.42,74.39,20.09,94.48,46.30,169.78,0.17
2026-03-17,นางสาวภิญญาดา หอมจันทร์,C,C : อาคารเรียน,C024,98.35358200,7.89449900,57,6.6,https://drive.google.com/open?id=1ob2HgmAZSpXb20T3Sg64lLt2K3ENSgc0,https://drive.google.com/open?id=1ulHhBTv0MN-F1MRA0OQIaZwAQkBXonLZ,,,มะม่วง,Mango,SP027,Mangifera indica,มะม่วง,ป่าดิบชื้น,18.14,51.22,16.04,3.42,70.67,19.08,89.76,43.15,158.20,0.16
2026-03-17,นางสาวญาณิศา ทองจีน,C,C : อาคารเรียน,C025,98.35358500,7.89449400,105,14.3,https://drive.google.com/open?id=16mrG8bZjDFT1s2JSbCQanxT0gaX1ezY2,https://drive.google.com/open?id=1_QDCwAbniJW5a85JdU66z9a-W4MQz2CW,,,ตีนเป็ด,Devil Tree,SP012,Alstonia scholaris,พญาสัตบรรณ,ป่าดิบชื้น,33.41,329.21,124.43,15.46,469.10,126.66,595.76,286.38,1050.06,1.05
2026-03-21,นางสาวญาณิศา ทองจีน,C,C : อาคารเรียน,C026,98.35286100,7.89518900,163,6.7,https://drive.google.com/open?id=1Dd-_gvjezWTE34L9KNzfsZKN8ZMY8adx,https://drive.google.com/open?id=1EXfu-eU-B0icaQqYCwOGMuEE47WuCQQD,,,หางนกยูงฝรั่ง,Royal Poinciana,SP035,Delonix regia,หางนกยูง,ป่าเบญจพรรณ,51.86,368.68,81.88,11.48,462.04,124.75,586.79,287.58,1054.47,1.05
2026-03-17,นาย เศรษฐพงศ์ บัวสวัสดิ์,C,C : อาคารเรียน,C027,98.35328600,7.89296700,30,4.2,https://drive.google.com/open?id=1bnN_3NYax3e-nF7x8sC1QjyZcPq76QNS,https://drive.google.com/open?id=1F9ZAgR47aNC_cxqXEaWwnlbe7L4jy1a9,,,มันปู,Monkey apple,SP039,Schoutenia glomerata King,มันปู,ป่าดิบชื้น,9.55,10.15,2.70,0.70,13.55,3.66,17.21,8.27,30.33,0.03
2026-03-17,นาย ปรเมศวร์ นุ่มศึก,C,C : อาคารเรียน,C028,98.35371200,7.89455600,61.5,5.9,https://drive.google.com/open?id=10Np2q9i-ZvkjsfgJLtYDS3UthB0CSY7b,https://drive.google.com/open?id=1-EEVqnayfaHFnNMIbc7uAa2IwZmWo4x9,,,ยางนา,Resin Tree,SP042,Dipterocarpus alatus Roxb.,ยางนา,ป่าดิบชื้น,19.57,53.16,16.71,3.54,73.41,19.82,93.22,44.81,164.31,0.16
2026-03-17,นาย เศรษฐพงศ์ บัวสวัสดิ์,C,C : อาคารเรียน,C029,98.35335500,7.89305400,38.8,5.7,https://drive.google.com/open?id=1YJecNyGc4bij-8ovdSl5AT3ZVkbvW3Po,https://drive.google.com/open?id=1upnYvztYK6cqwemHlSrPXn-VwEK93HUV,https://drive.google.com/open?id=1NvLT8BGRuII9uRT2kWAt0wHq4fxOOfK1,,ศรีตรัง,Jacaranda,SP021,Jacaranda mimosifolia D.Don,แคทราย,ป่าดิบชื้น,12.35,21.80,6.26,1.50,29.56,7.98,37.55,18.05,66.18,0.07
2026-03-17,นาย เศรษฐพงศ์ บัวสวัสดิ์,C,C : อาคารเรียน,C030,98.35371400,7.89323000,103,5.1,https://drive.google.com/open?id=18w4AXiTOwZvPURKrprpxyF0vtkYId-cu,https://drive.google.com/open?id=1-kZjxOHWxSKGA6i3ao_X9DRjN94iKqmJ,,,ติ้วขาว,Ceylon Ironwood,SP009,Cratoxylum formosum (Jack) Dyer,"ติ้ว , แต้ว",ป่าเบญจพรรณ,32.77,121.43,24.10,4.60,150.12,40.53,190.66,93.44,342.62,0.34
2026-03-17,นางสาวภิญญาดา หอมจันทร์,C,C : อาคารเรียน,C031,98.35366200,7.89448400,132,12,https://drive.google.com/open?id=1uuYp-Rl9XTWsQ6XPznQ6pAUfZrKYyhvG,https://drive.google.com/open?id=1FdX4J3q1RI1BFDAtoPr3iD_USBSP3C4H,,,มะม่วง,Mango,SP027,Mangifera indica,มะม่่วง,ป่าดิบชื้น,42.00,428.38,166.28,18.09,612.75,165.44,778.19,374.08,1371.61,1.37
2026-03-17,นาย เศรษฐพงศ์ บัวสวัสดิ์,C,C : อาคารเรียน,C032,98.35309700,7.89303600,86,11.8,https://drive.google.com/open?id=1d4gchTmHJT-qzIZXzGRnKp75WRAnLMpw,https://drive.google.com/open?id=10UvFCSwMyW2LOAuXWO-MTCfH3JUPuSaw,,,ยางนา,Resin Tree,SP042,Dipterocarpus alatus Roxb.,ยางนา,ป่าดิบชื้น,27.36,189.65,67.79,10.54,267.97,72.35,340.32,163.59,599.84,0.60
2026-03-21,นางสาวญาณิศา ทองจีน,C,C : อาคารเรียน,C033,98.35244300,7.89484300,150.2,14.7,https://drive.google.com/open?id=1mQ-YmZPlcCr77vniPwunpxEPnXPTauOi,https://drive.google.com/open?id=1ivl4uVfflsGgYdkGINQQ1TQxi7NalAtA,,,มะม่วง,Mango,SP027,Mangifera indica,มะม่วง,ป่าดิบชื้น,47.79,658.64,267.04,22.50,948.18,256.01,1204.19,578.86,2122.47,2.12
2026-03-21,นางสาวญาณิศา ทองจีน,C,C : อาคารเรียน,C034,98.35224700,7.89439200,86.4,11.5,https://drive.google.com/open?id=1Rb-JGVrutF8_JM6uNt2Fw5BYwy3UnkeK,https://drive.google.com/open?id=1bZWADqVYxGpdXWIlMMGuhstQ7qcuzLas,,,จามจุรี,Rain Tree,SP034,Samanea saman (Jacq.) Merr,ก้ามปู,ป่าเบญจพรรณ,27.49,186.76,38.72,6.70,232.18,62.69,294.86,144.51,529.88,0.53
2026-03-17,นาย เศรษฐพงศ์ บัวสวัสดิ์,C,C : อาคารเรียน,C035,98.35296400,7.89311700,146.4,8.9,https://drive.google.com/open?id=1jV2clwb67Hi1k_oSlM6V_VJTp84ucE8z,https://drive.google.com/open?id=17HyON4fyw99hZwLFaiRaxdh53GtO2j5b,,,หว้า,Java Plum,SP022,Syzygium cumini (L.) Skeels,หว้า,ป่าดิบชื้น,46.58,393.24,151.32,17.23,561.79,151.68,713.47,342.96,1257.53,1.26
2026-03-26,นายสรศักดิ์ พันธุ์กา,D,D : หอพักนักศึกษา,D001,98.35378480,7.89529782,57,6.3,https://drive.google.com/open?id=1DJaLBTB60J6hmvMWjdIayihPEb3RyAxd,https://drive.google.com/open?id=1mRPtxUB9FwRlos1VITlx1sJKl71za7cN,,https://drive.google.com/open?id=1X_NfqwsQGSKWxwKdfs2TfPi-aJeDq3Xl,อินทนิล,Queen’s Flower,SP033,Lagerstroemia speciosa,อินทนิลน้ำ,ป่าดิบชื้น,18.14,49.05,15.29,3.28,67.62,18.26,85.87,41.28,151.35,0.15
2026-03-26,นายหัสราวุฒิ ไชยาเผือก,D,D : หอพักนักศึกษา,D002,98.35379780,7.89527614,68,7.2,https://drive.google.com/open?id=1aEuMgI0klE0DqQkATmzUdBbEnZIKWvki,https://drive.google.com/open?id=14P0x8dSAFb4OT2dVEO1v2HGDCHZOCLsP,https://drive.google.com/open?id=1fKDzWqHd32MOd4NO8LKDKmKumtMa4k93,https://drive.google.com/open?id=1-RFwIbz-uQbeKY4k3Kh6BfzvYO7BzEsg,อินทนิล,Queen’s Flower,SP033,Lagerstroemia speciosa,อินทนิลน้ำ,ป่าดิบชื้น,21.64,77.20,25.20,4.98,107.38,28.99,136.37,65.55,240.36,0.24
2026-03-26,นายหัสราวุฒิ ไชยาเผือก,D,D : หอพักนักศึกษา,D003,98.35368969,7.89510232,54,7.4,https://drive.google.com/open?id=1JR5AdjL2mycj_RPuA30eqL3LYuwd4psz,https://drive.google.com/open?id=1E_nioLt6dVE-DTZ-4y67SVdO8wzdDwso,https://drive.google.com/open?id=1eTamdneoeiTOSiyzaip8amqi84IE2bUn,https://drive.google.com/open?id=11dqT6gbRYA0hWK3ahB5OWED3oZYggd7F,ปีบ,Indian Cork Tree,SP019,Millingtonia hortensis,กาสะลอง,ป่าเบญจพรรณ,17.18,51.52,9.38,2.06,62.96,17.00,79.96,39.19,143.69,0.14
2026-03-26,นายหัสราวุฒิ ไชยาเผือก,D,D : หอพักนักศึกษา,D004,98.35383159,7.89494146,104,6.2,https://drive.google.com/open?id=1FY8xztTBHGPig9A0vHAG3iCVeGw7ECl2,https://drive.google.com/open?id=1cGKAi1tAJvnu3BtbrcHSqbSmu45A824m,https://drive.google.com/open?id=1TaGy8mEzIFwbo7MPbBTI_O2PTRwUDnNa,,หางนกยูงฝรั่ง,Royal Poinciana,SP035,Delonix regia,หางนกยูง,ป่าเบญจพรรณ,33.09,148.33,30.04,5.50,183.87,49.65,233.52,114.45,419.64,0.42
2026-03-26,นายหัสราวุฒิ ไชยาเผือก,D,D : หอพักนักศึกษา,D005,98.35437472,7.89412550,80,7.4,https://drive.google.com/open?id=1GzKgRRUhbOohP_L-pfTnO3i1irIlxayH,https://drive.google.com/open?id=1YNbnz0Hvb1ioOXVC0V8o-14rjmwQIgQM,,,อินทนิล,Queen’s Flower,SP033,Lagerstroemia speciosa,อินทนิลน้ำ,ป่าดิบชื้น,25.45,107.24,36.18,6.64,150.07,40.52,190.59,91.62,335.93,0.34
2026-03-26,นายหัสราวุฒิ ไชยาเผือก,D,D : หอพักนักศึกษา,D006,98.35448127,7.89422529,85,7.2,https://drive.google.com/open?id=1QsWwsOYTonJIZ8gODTDdtlCE7BSqth26,https://drive.google.com/open?id=13bKMStCGr7gY2Dm2JgUixhyMt1_u5An8,https://drive.google.com/open?id=1xLCeMi5mgrq336D64espvo_WYoq_9OgB,,อินทนิล,Queen’s Flower,SP033,Lagerstroemia speciosa,อินทนิลน้ำ,ป่าดิบชื้น,27.05,117.05,39.84,7.16,164.06,44.29,208.35,100.15,367.23,0.37
2026-03-26,นายหัสราวุฒิ ไชยาเผือก,D,D : หอพักนักศึกษา,D007,98.35426472,7.89379919,86,7.4,https://drive.google.com/open?id=1zMi_8xX3p9nncmUl-Pz3mvAYVsgdar1K,https://drive.google.com/open?id=1X0OCvQHtWgkGyxo9lig4C3JR_XgtEAWT,,,มะม่วง,Mango,SP027,Mangifera indica,มะม่วง,ป่าดิบชื้น,27.36,122.73,41.98,7.45,172.16,46.48,218.64,105.10,385.37,0.39
2026-03-26,นายหัสราวุฒิ ไชยาเผือก,D,D : หอพักนักศึกษา,D008,98.35445350,7.89383165,92.5,5.8,https://drive.google.com/open?id=1cv2wLAhVju_FXOCv6Uhv0Hw9wwb9HQ2p,https://drive.google.com/open?id=1Dv7BGzATvO5IjbM-utmWXgFyi1PGQ2q6,,,หูกระจง,Black Olive,SP004,Terminalia ivorensis,หูกระจง,ป่าดิบชื้น,29.43,112.02,37.96,6.90,156.88,42.36,199.24,95.77,351.17,0.35
2026-03-28,นายหัสราวุฒิ ไชยาเผือก,D,D : หอพักนักศึกษา,D009,98.35418685,7.89329797,128,23.8,https://drive.google.com/open?id=1D_IT22H5zIL6DftO-vSOfLKe2VtxKoR9,https://drive.google.com/open?id=1VZD-nAmFxQRgzPWgvIg4RFPEtY50R0nR,,,สนประดิพัทธ์,Sea Pine,SP036,Casuarina equisetifolia L.,สนทะเล,ป่าเบญจพรรณ,40.73,766.04,183.19,18.35,967.57,261.25,1228.82,602.24,2208.23,2.21
2026-03-28,นายสรศักดิ์ พันธุ์กา,D,D : หอพักนักศึกษา,D010,98.35438528,7.89320925,77,9.5,https://drive.google.com/open?id=1Oi0Fh_LR6rQod-rWuGC_woZ4UusB9G80,https://drive.google.com/open?id=1I70dRnsSjzqEx1CUtaia0Xfx_1oMGy-z,,,ตีนเป็ด,Devil Tree,SP012,Alstonia scholaris,พญาสัตบรรณ,ป่าดิบชื้น,24.50,126.06,43.24,7.61,176.91,47.77,224.68,108.00,396.02,0.40
2026-03-28,นายสรศักดิ์ พันธุ์กา,D,D : หอพักนักศึกษา,D011,98.35385242,7.89326180,82,8.3,https://drive.google.com/open?id=1p6SE9lwCO_fGF10mBZmXxaQoYnXPRqaV,https://drive.google.com/open?id=1ZWh_0h9oAhinyTCtWmoUbbuFSnEIR-Nr,,,ศรีตรัง,Jacaranda,SP021,Jacaranda mimosifolia D.Don,แคทราย,ป่าดิบชื้น,26.09,124.99,42.83,7.56,175.38,47.35,222.73,107.06,392.57,0.39
2026-03-28,นายสรศักดิ์ พันธุ์กา,D,D : หอพักนักศึกษา,D012,98.35450526,7.89282916,50,9.2,https://drive.google.com/open?id=1UloEETuoQvuV6ZttBcJ9g53SfdheKBrA,https://drive.google.com/open?id=1Zp0JAVdJSxv2_7KLAQp11iPu2It7ZNxT,,,ตะเคียน,Iron Wood,SP020,Hopea odorata Roxb.,ตะเคียนทอง,ป่าดิบชื้น,15.91,54.68,17.23,3.63,75.55,20.40,95.94,46.12,169.11,0.17
2026-03-28,นายสรศักดิ์ พันธุ์กา,D,D : หอพักนักศึกษา,D013,98.35447268,7.89292287,110,8.7,https://drive.google.com/open?id=1_7iruGYfx3fqvl1mIfwO9ZZ5swYCH7Rm,https://drive.google.com/open?id=1wOoNTxdm1m0n976Qn6DbYw6e0wglmDRn,,,ตีนเป็ด,Devil Tree,SP012,Alstonia scholaris,พญาสัตบรรณ,ป่าดิบชื้น,35.00,225.88,82.18,11.99,320.05,86.41,406.47,195.39,716.42,0.72
2026-03-28,นายหัสราวุฒิ ไชยาเผือก,D,D : หอพักนักศึกษา,D014,98.35503830,7.89229837,59,7,https://drive.google.com/open?id=11NSSWV99Y5ptFG98V9b1GGh0d7Zir_SF,https://drive.google.com/open?id=1D5JtXkA4L2uL68AbAzGh_y8dWfyBb2Mu,,,ปาล์มหางหมาจิ้งจอก,Foxtail Palm,SP017,Wodyetia bifurcata A.K.Irvine,ปาล์มหางหมาจิ้งจอก หางหมาป่า,กลุ่มปาล์ม,18.77,0.00,0.00,0.00,72.70,29.81,102.51,42.33,155.23,0.16
2026-03-28,นายหัสราวุฒิ ไชยาเผือก,D,D : หอพักนักศึกษา,D015,98.35490019,7.89247816,350,19.2,https://drive.google.com/open?id=1ZAC15fOqSzRsxF5NBiusnW7I5Uk747Gz,https://drive.google.com/open?id=1thhMM-Vja9L1N5kXIv5KGNQsRZMB3_Zx,,,จามจุรี,Rain Tree,SP034,Samanea saman (Jacq.) Merr,ก้ามปู,ป่าเบญจพรรณ,111.36,4093.43,1159.88,32.97,5286.28,1427.30,6713.58,3290.33,12064.53,12.06
2026-03-30,นางสาวภิญญาดา หอมจันทร์,D,D : หอพักนักศึกษา,D016,98.35439200,7.89262400,60,7,https://drive.google.com/open?id=1OYFHUSRBm_kKkELsd2Jipw8oDcVosS_z,https://drive.google.com/open?id=1oTE4enSqFXQWRZ0rWmWHQ3SdenhjB0eI,,,ปาล์มหางหมาจิ้งจอก,Foxtail Palm,SP017,Wodyetia bifurcata A.K.Irvine,ปาล์มหางหมาจิ้งจอก หางหมาป่า,กลุ่มปาล์ม,19.09,0.00,0.00,0.00,72.70,29.81,102.51,42.33,155.23,0.16
2026-03-30,นางสาวญาณิศา ทองจีน,D,D : หอพักนักศึกษา,D017,98.35445400,7.89282700,93,7.8,https://drive.google.com/open?id=1GRzyjiBbA90WETP_oxliFjYWhisIeI0y,https://drive.google.com/open?id=1g7QM7lV8Tvs3_-H4tXU2nRHYRgx0yfKm,,,ตะแบก,Queen’s Crape Myrtle,SP032,Lagerstroemia speciosa,ตะแบก,ป่าดิบชื้น,29.59,149.17,52.04,8.74,209.94,56.68,266.62,128.16,469.94,0.47
2026-03-30,นางสาวภิญญาดา หอมจันทร์,D,D : หอพักนักศึกษา,D018,98.35434200,7.89324900,136,11.5,https://drive.google.com/open?id=18Y-A3JNCMLarI0orvMyaAaINeirESlNp,https://drive.google.com/open?id=1MOLQDdRFqpXnNTvjYQGbcZ1oHKeqIbfV,,,สนประดิพัทธ์,Sea Pine,SP036,Casuarina equisetifolia L.,สนทะเล,ป่าเบญจพรรณ,43.27,435.28,98.30,12.91,546.49,147.55,694.04,340.15,1247.22,1.25
2026-03-30,นาย เศรษฐพงศ์ บัวสวัสดิ์,D,D : หอพักนักศึกษา,D019,98.35419800,7.89324400,93,11.6,https://drive.google.com/open?id=1HJFDP5SUllDVMSzyeL0JRdmx8zmiL4Li,https://drive.google.com/open?id=14TtoKnZKNhsvRvWAooiEou4rND8QVlft,,,ยางนา,Resin Tree,SP042,Dipterocarpus alatus Roxb.,ยางนา,ป่าดิบชื้น,29.59,215.98,78.22,11.60,305.80,82.57,388.37,186.69,684.53,0.68
2026-03-30,นาย ปรเมศวร์ นุ่มศึก,D,D : หอพักนักศึกษา,D020,98.35425400,7.89406100,57,7.4,https://drive.google.com/open?id=1viYZqvt82PgMb35rzCFBWmXmQACnUvZa,https://drive.google.com/open?id=1E6Mlj52wPPefo0Iy2geIQsBheEzEzqxU,https://drive.google.com/open?id=1Qcvp1UZBgBaoh1E6JYbdxg8Bd84fJpDl,,ศรีตรัง,Jacaranda,SP021,Jacaranda mimosifolia D.Don,แคทราย,ป่าดิบชื้น,18.14,56.99,18.04,3.77,78.80,21.28,100.07,48.11,176.39,0.18
2026-03-30,นางสาวภิญญาดา หอมจันทร์,D,D : หอพักนักศึกษา,D021,98.35425100,7.89330000,137,21.5,https://drive.google.com/open?id=1nYjD5CEZGeWyWFHYZorIYxKFr7i19gT1,https://drive.google.com/open?id=11vScm99vpRSvIskb7nHfSFcqCyxq8QuA,,,สนประดิพัทธ์,Sea Pine,SP036,Casuarina equisetifolia L.,สนทะเล,ป่าเบญจพรรณ,43.59,790.91,189.75,18.67,999.34,269.82,1269.16,622.01,2280.72,2.28
2026-03-30,นางสาวญาณิศา ทองจีน,D,D : หอพักนักศึกษา,D022,98.35433400,7.89264200,54,6.2,https://drive.google.com/open?id=13_pGCFOpkkXsW9o5ALgxKXKRQHNRNS41,https://drive.google.com/open?id=1deonAPL1or7Meo1XVjFS6NFPE1Eot1tH,,,ปาล์มหางหมาจิ้งจอก,Foxtail Palm,SP017,Wodyetia bifurcata A.K.Irvine,ปาล์มหางหมาจิ้งจอก หางหมาป่า,กลุ่มปาล์ม,17.18,0.00,0.00,0.00,64.94,26.62,91.56,37.81,138.65,0.14
2026-03-30,นางสาวภิญญาดา หอมจันทร์,D,D : หอพักนักศึกษา,D023,98.35419500,7.89331000,138,23,https://drive.google.com/open?id=1mQ4p_aJ60U6FAAsFN4MiZ2UzqkkmFgkE,https://drive.google.com/open?id=11DJ0NBwwjE1HMo3SgLZvbnfhYDjiogA6,,,สนประดิพัทธ์,Sea Pine,SP036,Casuarina equisetifolia L.,สนทะเล,ป่าเบญจพรรณ,43.91,853.76,206.42,19.45,1079.63,291.50,1371.13,671.99,2463.97,2.46
2026-03-30,นาย ปรเมศวร์ นุ่มศึก,D,D : หอพักนักศึกษา,D024,98.35413500,7.89341500,148,22.9,https://drive.google.com/open?id=1TujoQhf9mLDNPPqTD1wsR6YFtD4TUBSr,https://drive.google.com/open?id=1xJFU2BavleDXG51MM0qhBsLFgGiOVVDY,,,สนประดิพัทธ์,Sea Pine,SP036,Casuarina equisetifolia L.,สนทะเล,ป่าเบญจพรรณ,47.09,968.81,237.26,20.74,1226.81,331.24,1558.05,763.60,2799.86,2.80
2026-03-30,นางสาวภิญญาดา หอมจันทร์,D,D : หอพักนักศึกษา,D025,98.35425000,7.89334600,135,24.2,https://drive.google.com/open?id=1izh8C2JBKsHEuTH7k7HGSMvUbNsnfevz,https://drive.google.com/open?id=1bhVUi3cvQlqI3s9wqA-UfAHNulgrsVH6,,,สนประดิพัทธ์,Sea Pine,SP036,Casuarina equisetifolia L.,สนทะเล,ป่าเบญจพรรณ,42.95,859.27,207.89,19.52,1086.68,293.40,1380.08,676.38,2480.05,2.48
2026-03-30,นาย ปรเมศวร์ นุ่มศึก,D,D : หอพักนักศึกษา,D026,98.35412300,7.89431600,58,8.2,https://drive.google.com/open?id=1XA5NfWM0ZRCFLEVjHPm_8c_TB8ooVUXi,https://drive.google.com/open?id=1I0Vd3HSOQjtMdbOnGm8AlhiHrkIr2cjP,,,จามจุรี,Rain Tree,SP034,Samanea saman (Jacq.) Merr,ก้ามปู,ป่าเบญจพรรณ,18.45,64.78,12.06,2.57,79.41,21.44,100.86,49.43,181.24,0.18
2026-03-30,นาย เศรษฐพงศ์ บัวสวัสดิ์,D,D : หอพักนักศึกษา,D027,98.35443900,7.89295400,129,19.3,https://drive.google.com/open?id=1d_fN9JeRvmwbKiJzDDhHR_KVvC48g2uW,https://drive.google.com/open?id=1WpMA3WGKyEsntohR4wUTdUvdw5sP3RcJ,,,เต็ง,Burmese Sal,SP006,Shorea obtusa Wall. ex Blume,เต็ง,ป่าเบญจพรรณ,41.05,639.25,150.09,16.54,805.88,217.59,1023.46,501.60,1839.20,1.84
2026-03-30,นางสาวญาณิศา ทองจีน,D,D : หอพักนักศึกษา,D028,98.35430100,7.89267700,65,5.8,https://drive.google.com/open?id=1FERE3O-ooWkPdmbACXfaiOk-y4b576SN,https://drive.google.com/open?id=1QKarGPEros_VUOgPOURtfdTa44-ZtH79,,,ปาล์มหางหมาจิ้งจอก,Foxtail Palm,SP017,Wodyetia bifurcata A.K.Irvine,ปาล์มหางหมาจิ้งจอก หางหมาป่า,กลุ่มปาล์ม,20.68,0.00,0.00,0.00,60.96,25.00,85.96,35.50,130.17,0.13
2026-03-30,นางสาวภิญญาดา หอมจันทร์,D,D : หอพักนักศึกษา,D029,98.35419800,7.89324400,130,20.7,https://drive.google.com/open?id=1Gsyk22Lq6bjO5MXDrKsscWK10W_ZtteE,https://drive.google.com/open?id=1kI8-C_t38QbR1GYrCJxdwL8A2-62PVxt,,,สนประดิพัทธ์,Sea Pine,SP036,Casuarina equisetifolia L.,สนทะเล,ป่าเบญจพรรณ,41.36,692.29,163.87,17.33,873.48,235.84,1109.32,543.68,1993.49,1.99
2026-03-30,นาย ปรเมศวร์ นุ่มศึก,D,D : หอพักนักศึกษา,D030,98.35418000,7.89418200,72,9.1,https://drive.google.com/open?id=19bzD7a6MIcFuLH7IT7NuWfdtIasfAXLX,https://drive.google.com/open?id=17M82S0JxofmURebodrsqlJYKaHjeqWZG,https://drive.google.com/open?id=1LOqmnMu70dsghFKwZFBu2MK2IVpAeQLd,,ศรีตรัง,Jacaranda,SP021,Jacaranda mimosifolia D.Don,แคทราย,ป่าดิบชื้น,22.91,106.85,36.04,6.62,149.51,40.37,189.88,91.28,334.68,0.33
2026-03-30,นางสาวญาณิศา ทองจีน,D,D : หอพักนักศึกษา,D031,98.35446800,7.89258200,66,7.3,https://drive.google.com/open?id=1Vi4Wx6SBC-dkb6TU8SFQxnspx-NATCf6,https://drive.google.com/open?id=1zqVUO3YctN74Y-H2QkIBPQP86vKRnUBr,,,ปาล์มหางหมาจิ้งจอก,Foxtail Palm,SP017,Wodyetia bifurcata A.K.Irvine,ปาล์มหางหมาจิ้งจอก หางหมาป่า,กลุ่มปาล์ม,21.00,0.00,0.00,0.00,75.55,30.98,106.53,44.00,161.32,0.16
2026-03-30,นางสาวญาณิศา ทองจีน,D,D : หอพักนักศึกษา,D032,98.35445500,7.89258800,55,5.5,https://drive.google.com/open?id=12BTAUSLnFZ_0CbbfzaQsEiFoiPw7Kz-B,https://drive.google.com/open?id=1MCbBAIrA53yDY2N3RL7e7i2UipT8US9R,,,ปาล์มหางหมาจิ้งจอก,Foxtail Palm,SP017,Wodyetia bifurcata A.K.Irvine,ปาล์มหางหมาจิ้งจอก หางหมาป่า,กลุ่มปาล์ม,17.50,0.00,0.00,0.00,57.94,23.76,81.70,33.74,123.72,0.12
2026-03-30,นาย เศรษฐพงศ์ บัวสวัสดิ์,D,D : หอพักนักศึกษา,D033,98.35450700,7.89308800,106,9.6,https://drive.google.com/open?id=1Uwm_P8eGKwPH0CmM3ifUrqkor1fUO0uv,https://drive.google.com/open?id=1Y-PX8CYPnloY8U5ievKUuXIXceiQ9GMV,https://drive.google.com/open?id=1J0LDfHRi-0ZLdSihr--4W9YU9y9pnU63,https://drive.google.com/open?id=12zrW9U_RXmLhJvNskT1hDTB9PsSHsYQE,สาละลังกา,Cannonball Tree,SP008,Couroupita guianensis Aubl.,ลูกปืนใหญ่,ป่าดิบชื้น,33.73,231.07,84.26,12.18,327.52,88.43,415.95,199.95,733.14,0.73
2026-03-30,นาย ปรเมศวร์ นุ่มศึก,D,D : หอพักนักศึกษา,D034,98.35181700,7.89378700,82,7.1,https://drive.google.com/open?id=1SUvB8nFFKSvGgYPd8Bwnkwmd_cQA3RJj,https://drive.google.com/open?id=1vhLgigQRCl12YaPj1r1wayBCOc9GqfaX,,,ศรีตรัง,Jacaranda,SP021,Jacaranda mimosifolia D.Don,แคทราย,ป่าดิบชื้น,26.09,108.05,36.48,6.69,151.22,40.83,192.05,92.32,338.49,0.34
2026-03-30,นาย เศรษฐพงศ์ บัวสวัสดิ์,D,D : หอพักนักศึกษา,D035,98.35458000,7.89313100,103,9.3,https://drive.google.com/open?id=1Mj6-J-eYyayvvdXTP42berUvhT6hvQbV,https://drive.google.com/open?id=1fNTPTRb-j_g94MoHzX1L_7JbHHbrTjwR,,,ทุ้งฟ้า,Bush Clockvine,SP007,Thunbergia erecta (Benth.) T.Anderson,รางจืดฝรั่ง,ป่าดิบชื้น,32.77,212.64,76.89,11.47,301.00,81.27,382.27,183.75,673.77,0.67
2026-03-19,นายหัสราวุฒิ ไชยาเผือก,E,E : โรงอาหารและหอพักอาจารย์,E001,98.35120630,7.89305219,149,27.3,https://drive.google.com/open?id=1g_p9EIajd3bkMfbm-NyW4fF8-QeWFI50,https://drive.google.com/open?id=11Hm7QiG_sBUpNed4su27vSMkvCgRFR0N,,,ยางนา,Resin Tree,SP042,Dipterocarpus alatus Roxb.,ยางนา,ป่าดิบชื้น,47.41,1155.79,496.05,27.86,1679.70,453.52,2133.21,1025.44,3759.93,3.76
2026-03-19,นายหัสราวุฒิ ไชยาเผือก,E,E : โรงอาหารและหอพักอาจารย์,E002,98.35095531,7.89349742,80,13.3,https://drive.google.com/open?id=1zjLYoOa6Ce3mj_A-Zt_eA221zbAM9e_2,https://drive.google.com/open?id=1FkXRwhsC9LWEvnm-1FXLPVLhEvDQu3Mi,,,ศรีตรัง,Jacaranda,SP021,Jacaranda mimosifolia D.Don,แคทราย,ป่าดิบชื้น,25.45,185.28,66.07,10.35,261.70,70.66,332.36,159.77,585.81,0.59
2026-03-19,นายหัสราวุฒิ ไชยาเผือก,E,E : โรงอาหารและหอพักอาจารย์,E003,98.35084845,7.89352483,99.8,12.1,https://drive.google.com/open?id=1TvyDnzdGd92EQEvj-kdL_pyHLvlhGtJB,https://drive.google.com/open?id=1SET9gRm1GpNNACzw0QudDqcL9anjeEmI,,,กระทิง,Alexandrian Laurel,SP001,Calophyllum inophyllum,สารภีทะเล,ป่าดิบแล้ง,31.75,289.81,87.75,7.58,385.15,103.99,489.14,235.13,862.14,0.86
2026-03-19,นายหัสราวุฒิ ไชยาเผือก,E,E : โรงอาหารและหอพักอาจารย์,E004,98.35076785,7.89203407,105.6,14.1,https://drive.google.com/open?id=14ZoCujxsriLYtvNY2_m4C257j3FPgvtz,https://drive.google.com/open?id=143eRVQvavpXe-6uCmA1-oLIRGRwHUBNe,,,ยางนา,Resin Tree,SP042,Dipterocarpus alatus Roxb.,ยางนา,ป่าดิบชื้น,33.60,328.39,124.08,15.44,467.91,126.33,594.24,285.65,1047.39,1.05
2026-03-19,นายหัสราวุฒิ ไชยาเผือก,E,E : โรงอาหารและหอพักอาจารย์,E005,98.35062835,7.89164520,51,8.8,https://drive.google.com/open?id=1HvuIcE-O1ppRkY8KqrMTQLznPbW_7GI4,https://drive.google.com/open?id=15OppDUuSfk3TfuTOx3NY0V4-h6GxQBoJ,,,ขี้เหล็ก,Kassod Tree,SP023,Senna siamea,ขี้เหล็ก,ป่าเบญจพรรณ,16.23,54.43,9.96,2.17,66.57,17.97,84.54,41.43,151.93,0.15
2026-03-19,นายหัสราวุฒิ ไชยาเผือก,E,E : โรงอาหารและหอพักอาจารย์,E006,98.35058391,7.89167443,42,3.4,https://drive.google.com/open?id=192V5OdldnZLkNUVdwPFfLQvWKy52MUOw,https://drive.google.com/open?id=10dIIPQxtuHZbeYPeczsWubWVF-Fnm01i,,https://drive.google.com/open?id=1S5yEWnzkvX-I5adcJLBpOlkUXwyTkrYB,มะรุม,Drumstick Tree,SP014,Moringa oleifera,มะรุม,ป่าเบญจพรรณ,13.36,15.61,2.52,0.64,18.77,5.07,23.83,11.68,42.83,0.04
2026-03-19,นายหัสราวุฒิ ไชยาเผือก,E,E : โรงอาหารและหอพักอาจารย์,E007,98.35081198,7.89157946,50.4,10.5,https://drive.google.com/open?id=1cl9xwYdifUyTxpQuww4FzpKjQ91PwYux,https://drive.google.com/open?id=1f23ToQN7MC3O1M4a16oIKRRDNkbaQWy7,,,ตะเคียน,Iron Wood,SP020,Hopea odorata Roxb.,ตะเคียนทอง,ป่าดิบชื้น,16.04,62.78,20.06,4.13,86.97,23.48,110.45,53.10,194.68,0.19
2026-03-19,นายหัสราวุฒิ ไชยาเผือก,E,E : โรงอาหารและหอพักอาจารย์,E008,98.35087853,7.89141141,84.2,9.3,https://drive.google.com/open?id=1C2ubNorkL7LXYa4FVidccDb-4AbAVXQQ,https://drive.google.com/open?id=1Bm8rcBswQtNi9lixMREiC-ZIH3KbcnLU,https://drive.google.com/open?id=13GQ4ylLwDVbB93YcXyStUf-BP939f10X,,อินทนิล,Queen’s Flower,SP033,Lagerstroemia speciosa,อินทนิลน้ำ,ป่าดิบชื้น,26.79,146.01,50.83,8.59,205.42,55.46,260.89,125.41,459.83,0.46
2026-03-19,นายหัสราวุฒิ ไชยาเผือก,E,E : โรงอาหารและหอพักอาจารย์,E009,98.35049537,7.89142561,80.2,12.8,https://drive.google.com/open?id=1-JqdVomNJR6Oe5888DCQtd1igWQdJpDY,https://drive.google.com/open?id=1vIkB-MYdfokRZs4GXQAkgJEWircSdHX3,,,จำปา,Champak,SP010,Magnolia champaca,จำปาทอง,ป่าดิบชื้น,25.52,179.61,63.85,10.11,253.57,68.46,322.03,154.80,567.60,0.57
2026-03-19,นายหัสราวุฒิ ไชยาเผือก,E,E : โรงอาหารและหอพักอาจารย์,E010,98.35306032,7.89204869,95.3,11.4,https://drive.google.com/open?id=1BLPZEOW8lId_ZRZFETLo_BUnzqho8zCG,https://drive.google.com/open?id=1h0ZrSDmd2rh88ddU6Axj3iBKpwcx10C6,https://drive.google.com/open?id=10AapexwU7YmxYo81xlxBme2yq9pFI2Qj,,พะยอม,Shorea,SP037,Shorea roxburghii,พะยอม,ป่าเบญจพรรณ,30.32,222.41,46.93,7.75,277.10,74.82,351.91,172.47,632.40,0.63
2026-03-19,นายหัสราวุฒิ ไชยาเผือก,E,E : โรงอาหารและหอพักอาจารย์,E011,98.35297920,7.89230360,206.6,14.6,https://drive.google.com/open?id=1jUP89KW5WsQbVjYpTMPHWtdgDi2sb99_,https://drive.google.com/open?id=18xQbX_SMxXin3sZlYu-hut3QDmnaP-BS,,,ตีนเป็ด,Devil Tree,SP012,Alstonia scholaris,พญาสัตบรรณ,ป่าดิบชื้น,65.74,1186.16,510.42,28.08,1724.66,465.66,2190.32,1052.89,3860.59,3.86
2026-03-19,นายหัสราวุฒิ ไชยาเผือก,E,E : โรงอาหารและหอพักอาจารย์,E012,98.35328934,7.89185853,74,7.6,https://drive.google.com/open?id=1XJ0bPTe3DLqho9EJtBjIDr2ErBO4sOo1,https://drive.google.com/open?id=1Pw5RjV0BNIZBlfS_OW7Om7IsKoEKoosl,https://drive.google.com/open?id=1h2rllWleJtYCY6AoZ1WKUP3bWesIRRnV,https://drive.google.com/open?id=1xtisvTbuYzVbPJvLb3rdWBYNvDNWA8GB,มะพร้าว,Coconut,SP011,Cocos nucifera,มะพร้าว,กลุ่มปาล์ม,23.55,0.00,0.00,0.00,78.38,32.14,110.51,45.64,167.36,0.17
2026-03-19,นายหัสราวุฒิ ไชยาเผือก,E,E : โรงอาหารและหอพักอาจารย์,E013,98.35332446,7.89179211,109,13.1,https://drive.google.com/open?id=1As8zyiukSP5xd81swx2yC8uQVLm1JYLb,https://drive.google.com/open?id=1Uk6-rMmFHapXXKASXOTtDVbzlgPv9xpj,https://drive.google.com/open?id=1xD1WVqRduU0HoHjraGq4IJKo572TFmY9,,ทุเรียน,Durian,SP015,Durio zibethinus,ทุเรียน,ป่าดิบชื้น,34.68,325.28,122.79,15.34,463.42,125.12,588.54,282.91,1037.35,1.04
2026-03-19,นายหัสราวุฒิ ไชยาเผือก,E,E : โรงอาหารและหอพักอาจารย์,E014,98.35182095,7.89248500,109.8,18,https://drive.google.com/open?id=1VoOnG5hoKLsTo30IipEGoFOxY2T-FIDL,https://drive.google.com/open?id=1IEqxyeOt3zc4U5EiPny2on7ZDet8R-Ym,,,ตะเคียน,Iron Wood,SP020,Hopea odorata Roxb.,ตะเคียนทอง,ป่าดิบชื้น,34.94,443.49,172.75,18.45,634.69,171.37,806.06,387.47,1420.73,1.42
2026-03-19,นายหัสราวุฒิ ไชยาเผือก,E,E : โรงอาหารและหอพักอาจารย์,E015,98.35186175,7.89231652,97.6,7.8,https://drive.google.com/open?id=1lK-zSDUPALoYDETK5dq1BvQ9OJfWfRin,https://drive.google.com/open?id=1dRZMR2xH0B7PfnB9undG6R6L1PnvUoOM,,,มะม่วง,Mango,SP027,Mangifera indica,มะม่วง,ป่าดิบชื้น,31.05,163.22,57.46,9.38,230.07,62.12,292.18,140.45,514.99,0.51
2026-03-19,นางสาวภิญญาดา หอมจันทร์,E,E : โรงอาหารและหอพักอาจารย์,E016,98.35175000,7.89245700,150,11.5,https://drive.google.com/open?id=1tWTmbwNV1K7hp0S96cyII_n79-d273u1,https://drive.google.com/open?id=1basYVyD1_mG2GqjOmdaPNtRABY8pCQqf,,,ยางนา,Resin Tree,SP042,Dipterocarpus alatus Roxb.,ยางนา,ป่าดิบชื้น,47.73,522.56,206.96,20.13,749.66,202.41,952.06,457.66,1678.07,1.68
2026-03-19,นางสาวภิญญาดา หอมจันทร์,E,E : โรงอาหารและหอพักอาจารย์,E017,98.35179800,7.89258400,148,10.9,https://drive.google.com/open?id=1wZLMsa5-NX62eb9JlSiiYpoRUc2Pj7k0,https://drive.google.com/open?id=1mlDCe_sw7noZ1iyulLOwXvttNqCG3j0Q,,,จามจุรี,Rain Tree,SP034,Samanea saman (Jacq.) Merr,ก้ามปู,ป่าเบญจพรรณ,47.09,484.80,110.69,13.88,609.37,164.53,773.90,379.29,1390.73,1.39
2026-03-19,นางสาวภิญญาดา หอมจันทร์,E,E : โรงอาหารและหอพักอาจารย์,E018,98.35181700,7.89241800,66.2,9.6,https://drive.google.com/open?id=1nCdSAnH06yeX53TGmeTOmhnB6p_LcZnT,https://drive.google.com/open?id=1iQjvGnY__Z9L3cs1D0Feyx9VilqTF7IZ,,,ตะเคียน,Iron Wood,SP020,Hopea odorata Roxb.,ตะเคียนทอง,ป่าดิบชื้น,21.06,96.03,32.04,6.04,134.11,36.21,170.32,81.87,300.21,0.30
2026-03-19,นางสาวภิญญาดา หอมจันทร์,E,E : โรงอาหารและหอพักอาจารย์,E019,98.35181100,7.89245700,125.2,11.2,https://drive.google.com/open?id=1T2MUjucUPKzlVMjzgF0CtpD1Stz_Z_JV,https://drive.google.com/open?id=10Q-gq4FcFT9Qh3eq0a1S1omS8WUsD-tT,,,ยางนา,Resin Tree,SP042,Dipterocarpus alatus Roxb.,ยางนา,ป่าดิบชื้น,39.84,363.95,138.96,16.45,519.36,140.23,659.58,317.06,1162.56,1.16
2026-03-19,นางสาวภิญญาดา หอมจันทร์,E,E : โรงอาหารและหอพักอาจารย์,E020,98.35157700,7.89262500,141,11.6,https://drive.google.com/open?id=11RvMZja7WYEjmOprHZhjYwCZJpbrMQ8F,https://drive.google.com/open?id=1_p0phL-2JKKgN8EpzUVmmm_2sv3WNQdv,,,ยางนา,Resin Tree,SP042,Dipterocarpus alatus Roxb.,ยางนา,ป่าดิบชื้น,44.86,469.38,183.89,19.03,672.30,181.52,853.82,410.43,1504.91,1.50
2026-03-19,นาย ปรเมศวร์ นุ่มศึก,E,E : โรงอาหารและหอพักอาจารย์,E021,98.35135800,7.89338100,74,11.9,https://drive.google.com/open?id=17ZqZtnTrDX5WGnnhAEuBgbQqO6iSEvrO,https://drive.google.com/open?id=1oI57WNtFdZdA54wY5F7WE9HUow2NRNj-,https://drive.google.com/open?id=13jHNDaqc5p8jIfq-ExgR2SNm1PyqwcjJ,,ยางนา,Resin Tree,SP042,Dipterocarpus alatus Roxb.,ยางนา,ป่าดิบชื้น,23.55,144.42,50.22,8.51,203.15,54.85,258.00,124.02,454.74,0.45
2026-03-19,นาย ปรเมศวร์ นุ่มศึก,E,E : โรงอาหารและหอพักอาจารย์,E022,98.35141300,7.89346700,74.8,9.6,https://drive.google.com/open?id=19_1RqAQMYci8vIZfUOd2cXXy9kMo6wGa,https://drive.google.com/open?id=1m8GVfLIdAh0UFqVnetp7wUbeDRFcj5FE,https://drive.google.com/open?id=1om_D5uBo7lShBkp_Bn3mPhxfppe6GDob,,ศรีตรัง,Jacaranda,SP021,Jacaranda mimosifolia D.Don,แคทราย,ป่าดิบชื้น,23.80,120.60,41.18,7.34,169.12,45.66,214.78,103.24,378.56,0.38
2026-03-19,นาย ปรเมศวร์ นุ่มศึก,E,E : โรงอาหารและหอพักอาจารย์,E023,98.35128000,7.89336000,146.6,15,https://drive.google.com/open?id=1-ix9gn1Im5iRNegu-stK8rUtum_upock,https://drive.google.com/open?id=1DnH5bTqkvVedeM1UwApWwPRFkyypyGyx,,,ตีนเป็ด,Devil Tree,SP012,Alstonia scholaris,พญาสัตบรรณ,ป่าดิบชื้น,46.65,641.48,259.39,22.23,923.10,249.24,1172.33,563.54,2066.31,2.07
2026-03-19,นาย ปรเมศวร์ นุ่มศึก,E,E : โรงอาหารและหอพักอาจารย์,E024,98.35128000,7.89359900,61,7.7,https://drive.google.com/open?id=1F-416bxD_97lZNwig0pmC_sxHR8ybq_T,https://drive.google.com/open?id=16cceGRQtHikwKLEhqLvHwwq5UwiGihyU,https://drive.google.com/open?id=1nkDJVu19ma80ePTfl74lQhf9Wr6l639f,,ศรีตรัง,Jacaranda,SP021,Jacaranda mimosifolia D.Don,แคทราย,ป่าดิบชื้น,19.41,67.12,21.60,4.39,93.10,25.14,118.24,56.84,208.40,0.21
2026-03-19,นาย ปรเมศวร์ นุ่มศึก,E,E : โรงอาหารและหอพักอาจารย์,E025,98.35122200,7.89362400,76.4,7.3,https://drive.google.com/open?id=1QyeoEDqZdwadpzq6F0emiiVfJ_fJVjXy,https://drive.google.com/open?id=1LT8Fo4JU0AactThWONe8ditCWEPZxSQY,https://drive.google.com/open?id=1aMTamRRrsON_dXojvTp-wuA-OexDyx9_,,ศรีตรัง,Jacaranda,SP021,Jacaranda mimosifolia D.Don,แคทราย,ป่าดิบชื้น,24.31,97.18,32.46,6.10,135.74,36.65,172.39,82.87,303.85,0.30
2026-03-19,นาย เศรษฐพงศ์ บัวสวัสดิ์,E,E : โรงอาหารและหอพักอาจารย์,E026,98.35089500,7.89344100,67.2,9.7,https://drive.google.com/open?id=16EvRMnUYG-6HRBmXI-rlkn7v34O97bAw,https://drive.google.com/open?id=10jFC3hSj02_fXADdI_iTrn3_3XuajQL8,https://drive.google.com/open?id=10NB9v3ZR7A8chVH1aCeZGNefAN57zxzD,,ศรีตรัง,Jacaranda,SP021,Jacaranda mimosifolia D.Don,แคทราย,ป่าดิบชื้น,21.38,99.71,33.40,6.24,139.35,37.62,176.98,85.07,311.93,0.31
2026-03-19,นาย เศรษฐพงศ์ บัวสวัสดิ์,E,E : โรงอาหารและหอพักอาจารย์,E027,98.35069900,7.89328400,71.6,11.8,https://drive.google.com/open?id=1WIJYsW-tnM8skT89qnbJYZwVfuQyOGmG,https://drive.google.com/open?id=1n0YP5TXEJ2CrBKEOasJbMUQ2pNfirblX,https://drive.google.com/open?id=15SIkwEWyZBRxFlTlch4yi-sheR8SyQv_,,ศรีตรัง,Jacaranda,SP021,Jacaranda mimosifolia D.Don,แคทราย,ป่าดิบชื้น,22.78,134.74,46.52,8.04,189.31,51.11,240.43,115.57,423.77,0.42
2026-03-19,นาย เศรษฐพงศ์ บัวสวัสดิ์,E,E : โรงอาหารและหอพักอาจารย์,E028,98.35071100,7.89307400,48.6,6.7,https://drive.google.com/open?id=1U1YqtZN_Ck69xyvIh7KIErgJWY_MQ8MH,https://drive.google.com/open?id=1-87ig8iQokeGUG8EgYhcMIPzIA1CzqXK,https://drive.google.com/open?id=1LMsmtqWete-PY2E_PiXIfJdluIAeBjB6,,ศรีตรัง,Jacaranda,SP021,Jacaranda mimosifolia D.Don,แคทราย,ป่าดิบชื้น,15.46,38.58,11.74,2.61,52.93,14.29,67.23,32.32,118.49,0.12
2026-03-19,นาย เศรษฐพงศ์ บัวสวัสดิ์,E,E : โรงอาหารและหอพักอาจารย์,E029,98.35059900,7.89286700,60,7.3,https://drive.google.com/open?id=1NIhYoTlFNDRc2wx9lhpA24ZHHmGlBxSJ,https://drive.google.com/open?id=1aZY41wdH6J133KFiJT2gzDVvzaszGxto,https://drive.google.com/open?id=1Ifoek6nopzi716K5fpwdMKVZgrrSB01u,,ศรีตรัง,Jacaranda,SP021,Jacaranda mimosifolia D.Don,แคทราย,ป่าดิบชื้น,19.09,61.92,19.76,4.08,85.76,23.15,108.91,52.35,191.96,0.19
2026-03-19,นาย เศรษฐพงศ์ บัวสวัสดิ์,E,E : โรงอาหารและหอพักอาจารย์,E030,98.35063900,7.89253400,61.2,8.9,https://drive.google.com/open?id=1AnGoIfgTzn1b6yykXk-xOV7aMVyg1rcP,https://drive.google.com/open?id=1P1C6mOuBEWN78Kph5ykKkgHT_19-0Z3E,https://drive.google.com/open?id=1tNFP0QfvS_h91o93xtEzPPSEEs2qkKhA,,ศรีตรัง,Jacaranda,SP021,Jacaranda mimosifolia D.Don,แคทราย,ป่าดิบชื้น,19.47,77.29,25.23,4.99,107.51,29.03,136.53,65.63,240.65,0.24
2026-03-21,นางสาวญาณิศา ทองจีน,E,E : โรงอาหารและหอพักอาจารย์,E031,98.35343600,7.89286900,63,6.9,https://drive.google.com/open?id=1HDnv0GuwsGW7DKfikBo44rGHq4A-PpnS,https://drive.google.com/open?id=1wqezW4ZkK990YI5Gc2JkKMj5rO7Pj90e,https://drive.google.com/open?id=1ZGa_kN2MXsH6-xAHm_jW2ijbxQnTZbyC,,ศรีตรัง,Jacaranda,SP021,Jacaranda mimosifolia D.Don,แคทราย,ป่าดิบชื้น,20.05,64.35,20.62,4.22,89.18,24.08,113.26,54.45,199.64,0.20
2026-03-21,นางสาวญาณิศา ทองจีน,E,E : โรงอาหารและหอพักอาจารย์,E032,98.35311600,7.89281000,52,6.5,https://drive.google.com/open?id=1ZMY2LHSgkohsTmbVUeEJPVVSP2b8NGt0,https://drive.google.com/open?id=1ZLkkRDZkj2Z03E_IRbw3wcwJ1t_ZYq3M,https://drive.google.com/open?id=1QxDH4sv4I_hBi8-jWuNzWU9uOxjwPvSe,,ศรีตรัง,Jacaranda,SP021,Jacaranda mimosifolia D.Don,แคทราย,ป่าดิบชื้น,16.55,42.55,13.07,2.87,58.49,15.79,74.28,35.71,130.93,0.13
2026-03-21,นางสาวญาณิศา ทองจีน,E,E : โรงอาหารและหอพักอาจารย์,E033,98.35286600,7.89253800,69,7.5,https://drive.google.com/open?id=14dQBZeMyY_H8bz18RBnyDBGQE-AgTCPU,https://drive.google.com/open?id=11TMEXQ59GQ3tt4-SwOikOexqMCY6nY4g,,,ปาล์มหางหมาจิ้งจอก,Foxtail Palm,SP017,Wodyetia bifurcata A.K.Irvine,ปาล์มหางหมาจิ้งจอก หางหมาป่า,กลุ่มปาล์ม,21.95,0.00,0.00,0.00,77.44,31.75,109.19,45.10,165.35,0.17
2026-03-21,นางสาวญาณิศา ทองจีน,E,E : โรงอาหารและหอพักอาจารย์,E034,98.35298400,7.89251400,60,8.1,https://drive.google.com/open?id=1xgFzX2nxVM5bX8mvAp_d-Q10oeR0ef1e,https://drive.google.com/open?id=1levkt5HxWzTCvsoRYB8rm7HSQPA_jNIB,,,ปาล์มหางหมาจิ้งจอก,Foxtail Palm,SP017,Wodyetia bifurcata A.K.Irvine,ปาล์มหางหมาจิ้งจอก หางหมาป่า,กลุ่มปาล์ม,19.09,0.00,0.00,0.00,83.03,34.04,117.07,48.35,177.28,0.18
2026-03-21,นางสาวญาณิศา ทองจีน,E,E : โรงอาหารและหอพักอาจารย์,E035,98.35285600,7.89251100,72,9.2,https://drive.google.com/open?id=1EtN0cmsWcjgO3pDIvYAuF7GCB1TA242X,https://drive.google.com/open?id=1nEQgTnNmw66pRhyYHghvzk5VyP3vGDAN,,https://drive.google.com/open?id=1L0sfVRECqtFMbTzOgkirVJJJ7F982NIT,ปาล์มหางหมาจิ้งจอก,Foxtail Palm,SP017,Wodyetia bifurcata A.K.Irvine,ปาล์มหางหมาจิ้งจอก หางหมาป่า,กลุ่มปาล์ม,22.91,0.00,0.00,0.00,93.00,38.13,131.13,54.16,198.57,0.20
