survey_date,survey_name,zone_id,zone_name,tree_id,longitude,latitude,GBH,height,name_th,name_en,scientific_name,local_name,type,DBH_cm,WS_kg,WB_kg,WL_kg,AGB_kg,BGB,TotalBiomass_kg,CarbonStock_kgC,Sequestration_kgCO2e,Sequestration_tCO2e
24/3/2026,นางสาววรรณชนก อมิตรสูญ,A,A : ลานจอดรถ,A001,98.3515408,7.895104398,109,9.8,กระทิง,Alexandrian laurel,Calophyllum inophyllum,สารภีทะเล,ป่าดิบแล้ง,34.68,280.78,84.85,7.41,373.04,100.72,473.76,227.73,835.03,0.84
24/3/2026,นางสาววรรณชนก อมิตรสูญ,A,A : ลานจอดรถ,A002,98.35146112,7.895166548,76,8.9,ปีบ,Indian cork tree,Millingtonia hortensis,กาสะลอง,ป่าเบญจพรรณ,24.18,115.77,22.86,4.41,143.04,38.62,181.66,89.03,326.44,0.33
24/3/2026,นางสาววรรณชนก อมิตรสูญ,A,A : ลานจอดรถ,A003,98.35137619,7.895216735,90,11.9,อินทนิล,Queen’s flower,Lagerstroemia speciosa,อินทนิลน้ำ,ป่าดิบชื้น,28.64,208.06,75.07,11.29,294.42,79.49,373.92,179.74,659.05,0.66
24/3/2026,นางสาววรรณชนก อมิตรสูญ,A,A : ลานจอดรถ,A004,98.35135486,7.89523605,94,7.5,ตะแบก,Queen’s crape myrtle,Lagerstroemia speciosa,ตะแบก,ป่าดิบชื้น,29.91,146.71,51.09,8.62,206.42,55.73,262.15,126.02,462.06,0.46
24/3/2026,นางสาววรรณชนก อมิตรสูญ,A,A : ลานจอดรถ,A005,98.35140842,7.895372504,86,9.6,ปีบ,Indian cork tree,Millingtonia hortensis,กาสะลอง,ป่าเบญจพรรณ,27.36,156.45,31.86,5.76,194.06,52.4,246.46,120.79,442.9,0.44
24/3/2026,นางสาววรรณชนก อมิตรสูญ,A,A : ลานจอดรถ,A006,98.35142487,7.895367743,52,9,หูกวาง,Tropical almond,Terminalia catappa,หูกวาง,ป่าเบญจพรรณ,16.55,57.64,10.61,2.3,70.54,19.05,89.59,43.91,160.99,0.16
24/3/2026,นางสาววรรณชนก อมิตรสูญ,A,A : ลานจอดรถ,A007,98.3513933,7.89538672,73,7.1,ปีบ,Indian cork tree,Millingtonia hortensis,กาสะลอง,ป่าเบญจพรรณ,23.23,86.98,16.69,3.39,107.06,28.91,135.97,66.64,244.34,0.24
24/3/2026,นางสาววรรณชนก อมิตรสูญ,A,A : ลานจอดรถ,A008,98.35138857,7.895409732,149,13.4,ตีนเป็ด,Devil Tree,Alstonia scholaris,พญาสัตบรรณ,ป่าดิบชื้น,47.41,595.18,238.85,21.47,855.5,230.98,1086.48,522.27,1915,1.92
24/3/2026,นางสาววรรณชนก อมิตรสูญ,A,A : ลานจอดรถ,A009,98.35144591,7.895345567,98,12.1,ตีนเป็ด,Devil Tree,Alstonia scholaris,พญาสัตบรรณ,ป่าดิบชื้น,31.18,247.7,90.96,12.8,351.46,94.89,446.35,214.56,786.73,0.79
24/3/2026,นางสาววรรณชนก อมิตรสูญ,A,A : ลานจอดรถ,A010,98.35145867,7.895332194,89,7.7,โสก,Ashoka tree,Saraca indica,โสกอินเดีย,ป่าดิบชื้น,28.32,135.78,46.92,8.1,190.79,51.51,242.3,116.48,427.08,0.43
24/3/2026,นางสาววรรณชนก อมิตรสูญ,A,A : ลานจอดรถ,A011,98.35172856,7.895483079,72,8.4,ศรีตรัง,Jacaranda,Jacaranda mimosifolia D.Don,แคทราย,ป่าดิบชื้น,22.91,99.17,33.19,6.21,138.57,37.41,175.99,84.6,310.19,0.31
24/3/2026,นางสาววรรณชนก อมิตรสูญ,A,A : ลานจอดรถ,A012,98.35171622,7.895505771,63.4,8.4,ศรีตรัง,Jacaranda,Jacaranda mimosifolia D.Don,แคทราย,ป่าดิบชื้น,20.17,78.22,25.56,5.04,108.82,29.38,138.2,66.43,243.59,0.24
24/3/2026,นางสาววรรณชนก อมิตรสูญ,A,A : ลานจอดรถ,A013,98.35170835,7.895545503,45,8.9,ศรีตรัง,Jacaranda,Jacaranda mimosifolia D.Don,แคทราย,ป่าดิบชื้น,14.32,43.56,13.41,2.93,59.9,16.17,76.08,36.57,134.09,0.13
24/3/2026,นางสาววรรณชนก อมิตรสูญ,A,A : ลานจอดรถ,A014,98.35148033,7.895565555,123,10.6,ยางนา,"Yang-na, Resin tree",Dipterocarpus alatus Roxb.,ยางนา,ป่าดิบชื้น,39.14,334.48,126.62,15.62,476.73,128.72,605.44,291.04,1067.13,1.07
24/3/2026,นางสาววรรณชนก อมิตรสูญ,A,A : ลานจอดรถ,A015,98.35138715,7.895810546,135,11.5,หว้า,Java plum,Syzygium cumini (L.) Skeels,หว้า,ป่าดิบชื้น,42.95,429.33,166.69,18.12,614.13,165.82,779.95,374.92,1374.71,1.37
3/24/2026,นางสาวภิญญาดา หอมจันทร์,A,A : ลานจอดรถ,A016,98.351631,7.895725,176,12.9,จามจุรี,"Rain Tree , Monkey Pod",Samanea saman (Jacq.) Merr,ก้ามปู,ป่าเบญจพรรณ,56,783.7,187.85,18.58,990.13,267.34,1257.47,616.28,2259.71,2.26
3/24/2026,นางสาวภิญญาดา หอมจันทร์,A,A : ลานจอดรถ,A017,98.351667,7.895678,60,8.8,ศรีตรัง,Jacaranda,Jacaranda mimosifolia D.Don,แคทราย,ป่าดิบชื้น,19.09,73.71,23.94,4.78,102.43,27.66,130.08,62.53,229.28,0.23
3/24/2026,นางสาวภิญญาดา หอมจันทร์,A,A : ลานจอดรถ,A018,98.351637,7.89574,74,8.4,ศรีตรัง,Jacaranda,Jacaranda mimosifolia D.Don,แคทราย,ป่าดิบชื้น,23.55,104.37,35.12,6.49,145.97,39.41,185.39,89.11,326.75,0.33
3/24/2026,นางสาวภิญญาดา หอมจันทร์,A,A : ลานจอดรถ,A019,98.351567,7.895787,72,8.7,ศรีตรัง,Jacaranda,Jacaranda mimosifolia D.Don,แคทราย,ป่าดิบชื้น,22.91,102.47,34.41,6.39,143.27,38.68,181.95,87.46,320.7,0.32
3/24/2026,นางสาวภิญญาดา หอมจันทร์,A,A : ลานจอดรถ,A020,98.351514,7.895907,60,7.9,ศรีตรัง,Jacaranda,Jacaranda mimosifolia D.Don,แคทราย,ป่าดิบชื้น,19.09,66.65,21.43,4.36,92.44,24.96,117.4,56.44,206.93,0.21
3/28/2026,นางสาวญาณิศา ทองจีน,A,A : ลานจอดรถ,A021,98.351606,7.895747,50,8.9,ศรีตรัง,Jacaranda,Jacaranda mimosifolia D.Don,แคทราย,ป่าดิบชื้น,15.91,53.02,16.66,3.53,73.2,19.76,92.97,44.69,163.86,0.16
3/28/2026,นางสาวญาณิศา ทองจีน,A,A : ลานจอดรถ,A022,98.351541,7.89585,55,9.2,ศรีตรัง,Jacaranda,Jacaranda mimosifolia D.Don,แคทราย,ป่าดิบชื้น,17.5,65.32,20.96,4.28,90.56,24.45,115.01,55.28,202.71,0.2
3/28/2026,นางสาวญาณิศา ทองจีน,A,A : ลานจอดรถ,A023,98.351514,7.895907,47,7.2,ศรีตรัง,Jacaranda,Jacaranda mimosifolia D.Don,แคทราย,ป่าดิบชื้น,14.95,38.76,11.8,2.62,53.19,14.36,67.55,32.47,119.06,0.12
3/28/2026,นางสาวญาณิศา ทองจีน,A,A : ลานจอดรถ,A024,98.351444,7.895566,120,12,อโศก,Ashoka tree,Saraca asoca,,ป่าดิบชื้น,38.18,358.61,136.72,16.3,511.63,138.14,649.76,312.34,1145.25,1.15
3/28/2026,นางสาวญาณิศา ทองจีน,A,A : ลานจอดรถ,A025,98.351331,7.895447,87,11,ปีบ,Indian cork tree,Millingtonia hortensis,กาสะลอง,ป่าเบญจพรรณ,27.68,181.5,37.52,6.54,225.56,60.9,286.46,140.4,514.78,0.51
4/7/2569,นาย เศรษฐพงศ์ บัวสวัสดิ์,A,A : ลานจอดรถ,A026,98.3517,7.89521,174,6.4,อโศก,Ashoka tree,Saraca asoca,,ป่าดิบชื้น,55.36,399.03,153.78,17.37,570.18,153.95,724.13,348.09,1276.32,1.28
4/7/2569,นาย เศรษฐพงศ์ บัวสวัสดิ์,A,A : ลานจอดรถ,A027,98.3513,7.89555,200,3.2,ปาล์มน้ำมัน,Oil palm,Elaeis guineensis,ปาล์ม,กลุ่มปาล์ม,63.64,0,0,0,33.35,13.67,47.03,19.42,71.22,0.07
4/7/2569,นาย เศรษฐพงศ์ บัวสวัสดิ์,A,A : ลานจอดรถ,A028,98.3512,7.89567,114.2,11.2,หว้า,Java plum,Syzygium cumini (L.) Skeels,หว้า,ป่าดิบชื้น,36.34,306.58,115.04,14.77,436.4,117.83,554.22,266.41,976.85,0.98
4/7/2569,นาย เศรษฐพงศ์ บัวสวัสดิ์,A,A : ลานจอดรถ,A029,98.3512,7.89573,149.4,16.5,ยางนา,"Yang-na, Resin tree",Dipterocarpus alatus Roxb.,ยางนา,ป่าดิบชื้น,47.54,726.29,297.4,23.48,1047.17,282.74,1329.9,639.28,2344.04,2.34
4/7/2569,นาย เศรษฐพงศ์ บัวสวัสดิ์,A,A : ลานจอดรถ,A030,98.3512,7.89598,111.8,7.9,ปาล์มน้ำมัน,Oil palm,Elaeis guineensis,ปาล์ม,กลุ่มปาล์ม,35.57,0,0,0,81.18,33.28,114.46,47.27,173.33,0.17
4/7/2569,นาย ปรเมศวร์ นุ่มศึก,A,A : ลานจอดรถ,A031,98.3511,7.89525,56.4,5.4,ปอหูช้าง,Parasite tree,Macaranga tanarius,"หูหมี, หูช้าง, ปอหูช้าง",ป่าเบญจพรรณ,17.95,41.65,7.42,1.68,50.74,13.7,64.45,31.58,115.81,0.12
4/7/2569,นาย ปรเมศวร์ นุ่มศึก,A,A : ลานจอดรถ,A032,98.3516,7.89524,284,14.5,ตีนเป็ด,Devil Tree,Alstonia scholaris,พญาสัตบรรณ,ป่าดิบชื้น,90.36,2133.57,974.33,32.48,3140.37,847.9,3988.27,1917.16,7029.59,7.03
4/7/2569,นาย ปรเมศวร์ นุ่มศึก,A,A : ลานจอดรถ,A033,98.3517,7.89545,167,8.9,ประดู่,Burmese padauk,Pterocarpus macrocarpus,ประดู่,ป่าเบญจพรรณ,53.14,502.69,115.19,14.22,632.1,170.67,802.77,393.44,1442.6,1.44
4/7/2569,นาย ปรเมศวร์ นุ่มศึก,A,A : ลานจอดรถ,A034,98.3516,7.89552,114.8,6.3,ทุ้งฟ้า,"Bush clockvine , King’s mantle",Thunbergia erecta (Benth.) T.Anderson,รางจืดฝรั่ง,ป่าดิบชื้น,36.53,181.03,64.4,10.17,255.6,69.01,324.62,156.04,572.16,0.57
4/7/2569,นาย ปรเมศวร์ นุ่มศึก,A,A : ลานจอดรถ,A035,98.3513,7.89572,170,5,ปาล์มน้ำมัน,Oil palm,Elaeis guineensis,ปาล์ม,กลุ่มปาล์ม,54.09,0,0,0,52.82,21.66,74.48,30.76,112.79,0.11
26/3/2026,นางสาววรรณชนก อมิตรสูญ,B,B : สนามฟุตบอล,B001,98.3518875,7.895779083,159,13.8,ยางนา,"Yang-na, Resin tree",Dipterocarpus alatus Roxb.,ยางนา,ป่าดิบชื้น,50.59,690.53,281.31,22.98,994.82,268.6,1263.42,607.33,2226.86,2.23
26/3/2026,นางสาววรรณชนก อมิตรสูญ,B,B : สนามฟุตบอล,B002,98.35168149,7.89596448,98,11.7,ประดู่,Burmese padauk,Pterocarpus macrocarpus,ประดู่,ป่าเบญจพรรณ,31.18,240.05,51.04,8.25,299.35,80.82,380.18,186.32,683.19,0.68
26/3/2026,นางสาววรรณชนก อมิตรสูญ,B,B : สนามฟุตบอล,B003,98.35195403,7.896164658,59,8.2,ศรีตรัง,Jacaranda,Jacaranda mimosifolia D.Don,แคทราย,ป่าดิบชื้น,18.77,66.88,21.51,4.37,92.77,25.05,117.81,56.63,207.65,0.21
26/3/2026,นางสาววรรณชนก อมิตรสูญ,B,B : สนามฟุตบอล,B004,98.35185,7.895754192,87,6.1,แคป่า,Dolichandrone,Dolichandrone serrulata,แคป่า,ป่าเบญจพรรณ,27.68,104.73,20.48,4.02,129.23,34.89,164.12,80.44,294.93,0.29
26/3/2026,นายสรศักดิ์ พันธุ์กา,B,B : สนามฟุตบอล,B005,98.351889,7.89573035,150,11.3,เสลา,Lagerstroemia,Lagerstroemia loudonii,เสลา,ป่าเบญจพรรณ,47.73,514.08,118.07,14.43,646.59,174.58,821.16,402.45,1475.66,1.48
26/3/2026,นายสรศักดิ์ พันธุ์กา,B,B : สนามฟุตบอล,B006,98.35214858,7.895427431,68,8.3,พะยอม,Shorea,Shorea roxburghii,พะยอม,ป่าเบญจพรรณ,21.64,88.15,16.94,3.43,108.52,29.3,137.81,67.54,247.66,0.25
26/3/2026,นายสรศักดิ์ พันธุ์กา,B,B : สนามฟุตบอล,B007,98.35215389,7.895466637,155,8.2,แซะ,Siamese rough bush,Streblus asper,ข่อย,ป่าเบญจพรรณ,49.32,405.24,90.86,12.28,508.38,137.26,645.64,316.43,1160.25,1.16
26/3/2026,นายสรศักดิ์ พันธุ์กา,B,B : สนามฟุตบอล,B008,98.35233351,7.895420396,77,9.6,ศรีตรัง,Jacaranda,Jacaranda mimosifolia D.Don,แคทราย,ป่าดิบชื้น,24.5,127.3,43.7,7.68,178.68,48.24,226.93,109.08,399.97,0.4
26/3/2026,นายสรศักดิ์ พันธุ์กา,B,B : สนามฟุตบอล,B009,98.3525191,7.895417142,67,9.7,ศรีตรัง,Jacaranda,Jacaranda mimosifolia D.Don,แคทราย,ป่าดิบชื้น,21.32,99.16,33.19,6.21,138.56,37.41,175.98,84.59,310.17,0.31
26/3/2026,นางสาววรรณชนก อมิตรสูญ,B,B : สนามฟุตบอล,B010,98.35271893,7.895510016,157,10.6,แซะ,Siamese rough bush,Streblus asper,ข่อย,ป่าเบญจพรรณ,49.95,527.32,121.43,14.67,663.42,179.12,842.55,412.93,1514.08,1.51
26/3/2026,นางสาววรรณชนก อมิตรสูญ,B,B : สนามฟุตบอล,B011,98.35295824,7.895515911,51,4.6,แซะ,Siamese rough bush,Streblus asper,ข่อย,ป่าเบญจพรรณ,16.23,29.73,5.12,1.21,36.05,9.73,45.78,22.44,82.27,0.08
26/3/2026,นางสาววรรณชนก อมิตรสูญ,B,B : สนามฟุตบอล,B012,98.35331817,7.895589115,81,8.6,ปาล์มใบพัด,Fan palm,Licuala spinosa Thunb.,ปาล์มใบพัด,กลุ่มปาล์ม,25.77,0,0,0,87.6,35.92,123.52,51.01,187.05,0.19
26/3/2026,นางสาววรรณชนก อมิตรสูญ,B,B : สนามฟุตบอล,B013,98.3531652,7.895746503,87,6,แซะ,Siamese rough bush,Streblus asper,ข่อย,ป่าเบญจพรรณ,27.68,103.13,20.13,3.97,127.23,34.35,161.58,79.19,290.36,0.29
26/3/2026,นางสาววรรณชนก อมิตรสูญ,B,B : สนามฟุตบอล,B014,98.35327147,7.895899493,107,12.9,ตะเคียน,Iron wood,Hopea odorata Roxb.,ตะเคียนทอง,ป่าดิบชื้น,34.05,309.76,116.36,14.87,440.99,119.07,560.06,269.22,987.14,0.99
26/3/2026,นางสาววรรณชนก อมิตรสูญ,B,B : สนามฟุตบอล,B015,98.35320649,7.895981809,98,11.2,ตะเคียน,Iron wood,Hopea odorata Roxb.,ตะเคียนทอง,ป่าดิบชื้น,31.18,230.47,84.02,12.16,326.65,88.2,414.85,199.42,731.2,0.73
3/30/2026,นางสาวภิญญาดา หอมจันทร์,B,B : สนามฟุตบอล,B016,98.351784,7.896036,37,5.8,มะค่าโมง,"Pod mahogany , Black rosewood",Afzelia xylocarpa ( Kurz) Craib,"มะค่าใหญ่ , มะค่าหลวง",ป่าเบญจพรรณ,11.77,20.28,3.36,0.83,24.46,6.61,31.07,15.23,55.83,0.06
3/30/2026,นางสาวภิญญาดา หอมจันทร์,B,B : สนามฟุตบอล,B017,98.351739,7.895973,67.2,6.9,ปาล์มหางหมาจิ้งจอก,Foxtail Palm,Wodyetia bifurcata A.K.Irvine,ปาล์มหางหมาจิ้งจอก หางหมาป่า,กลุ่มปาล์ม,21.38,0,0,0,71.74,29.41,101.16,41.78,153.18,0.15
3/30/2026,นางสาวภิญญาดา หอมจันทร์,B,B : สนามฟุตบอล,B018,98.35174,7.896171,86,10.6,หางนกยูงฝรั่ง,Royal Poinciana,Delonix regia,หางนกยูง,ป่าเบญจพรรณ,27.36,171.6,35.27,6.24,213.1,57.54,270.64,132.64,486.35,0.49
3/30/2026,นางสาวภิญญาดา หอมจันทร์,B,B : สนามฟุตบอล,B019,98.351786,7.896147,244.2,9.8,ตีนเป็ด,Devil Tree,Alstonia scholaris,พญาสัตบรรณ,ป่าดิบชื้น,77.7,1117.19,477.84,27.56,1622.59,438.1,2060.68,990.57,3632.09,3.63
3/30/2026,นางสาวภิญญาดา หอมจันทร์,B,B : สนามฟุตบอล,B020,98.351983,7.895967,60,6.7,นนทรี,Yellow Flame Tree,Peltophorum pterocarpum,"นนทรี , นนทรีเหลือง",ป่าเบญจพรรณ,19.09,57.16,10.51,2.28,69.95,18.89,88.84,43.54,159.64,0.16
3/30/2026,นาย ปรเมศวร์ นุ่มศึก,B,B : สนามฟุตบอล,B021,98.351622,7.896293,38.6,6.2,นนทรี,Yellow Flame Tree,Peltophorum pterocarpum,"นนทรี , นนทรีเหลือง",ป่าเบญจพรรณ,12.28,23.35,3.92,0.95,28.23,7.62,35.85,17.57,64.42,0.06
3/30/2026,นาย ปรเมศวร์ นุ่มศึก,B,B : สนามฟุตบอล,B022,98.35152,7.89618,31,5.4,ศรีตรัง,Jacaranda,Jacaranda mimosifolia D.Don,แคทราย,ป่าดิบชื้น,9.86,13.64,3.73,0.94,18.32,4.95,23.26,11.18,41,0.04
3/30/2026,นาย ปรเมศวร์ นุ่มศึก,B,B : สนามฟุตบอล,B023,98.353449,7.896506,49.4,6,กระถิน,Lead tree,Leucaena leucocephala,กระถินไทย,ป่าเบญจพรรณ,15.72,35.89,6.3,1.45,43.63,11.78,55.41,27.16,99.58,0.1
3/30/2026,นาย ปรเมศวร์ นุ่มศึก,B,B : สนามฟุตบอล,B024,98.353239,7.896245,49.2,2.8,หมาก,Areca palm,Areca catechu,"หมาก, หมากสง",กลุ่มปาล์ม,15.65,0,0,0,28.76,11.79,40.56,16.75,61.42,0.06
3/30/2026,นาย ปรเมศวร์ นุ่มศึก,B,B : สนามฟุตบอล,B025,98.353213,7.896012,102.6,8.8,ขี้เหล็ก,Kassod tree,Senna siamea,ขี้เหล็ก,ป่าเบญจพรรณ,32.65,200.49,41.86,7.12,249.47,67.36,316.83,155.28,569.35,0.57
3/30/2026,นาย เศรษฐพงศ์ บัวสวัสดิ์,B,B : สนามฟุตบอล,B026,98.353286,7.895918,52,6.2,จามจุรี,"Rain Tree , Monkey Pod",Samanea saman (Jacq.) Merr,ก้ามปู,ป่าเบญจพรรณ,16.55,40.72,7.23,1.64,49.59,13.39,62.98,30.87,113.18,0.11
3/30/2026,นาย เศรษฐพงศ์ บัวสวัสดิ์,B,B : สนามฟุตบอล,B027,98.353398,7.895728,65,10.1,จามจุรี,"Rain Tree , Monkey Pod",Samanea saman (Jacq.) Merr,ก้ามปู,ป่าเบญจพรรณ,20.68,97.31,18.88,3.76,119.96,32.39,152.34,74.66,273.77,0.27
3/30/2026,นาย เศรษฐพงศ์ บัวสวัสดิ์,B,B : สนามฟุตบอล,B028,98.35329,7.89553,187,10.7,มะฮอกกานี,Mahogany,Swietenia mahogany (L.) Jacq.,-,ป่าดิบชื้น,59.5,737.1,302.28,23.63,1063.01,287.01,1350.02,648.95,2379.5,2.38
3/30/2026,นาย เศรษฐพงศ์ บัวสวัสดิ์,B,B : สนามฟุตบอล,B029,98.353216,7.895568,116.2,6.2,ควีนปาล์ม,Queen palm,Syagrus romanzoffiana,ปาล์มราชินี,กลุ่มปาล์ม,36.97,0,0,0,64.94,26.62,91.56,37.81,138.65,0.14
3/30/2026,นาย เศรษฐพงศ์ บัวสวัสดิ์,B,B : สนามฟุตบอล,B030,98.353046,7.895491,120,9.2,ตีนเป็ด,Devil Tree,Alstonia scholaris,พญาสัตบรรณ,ป่าดิบชื้น,38.18,279.9,104.07,13.91,397.88,107.43,505.31,242.9,890.64,0.89
3/30/2026,นาย เศรษฐพงศ์ บัวสวัสดิ์,B,B : สนามฟุตบอล,B031,98.352939,7.895425,91,8.5,ศรีตรัง,Jacaranda,Jacaranda mimosifolia D.Don,แคทราย,ป่าดิบชื้น,28.95,155.19,54.36,9.02,218.56,59.01,277.58,133.43,489.25,0.49
3/30/2026,นางสาวญาณิศา ทองจีน,B,B : สนามฟุตบอล,B032,98.352681,7.895386,70.4,7.3,ศรีตรัง,Jacaranda,Jacaranda mimosifolia D.Don,แคทราย,ป่าดิบชื้น,22.4,83.43,27.44,5.34,116.21,31.38,147.58,70.94,260.13,0.26
3/30/2026,นางสาวญาณิศา ทองจีน,B,B : สนามฟุตบอล,B033,98.35255,7.895515,200.2,7.4,บัวสวรรค์,Gustavia,Gustavia gracillima,กัสตาเวีย บัวฝรั่ง,ป่าดิบชื้น,63.7,593.5,238.11,21.44,853.05,230.32,1083.37,520.78,1909.51,1.91
3/30/2026,นางสาวญาณิศา ทองจีน,B,B : สนามฟุตบอล,B034,98.352316,7.895484,229,9.9,บัวสวรรค์,Gustavia,Gustavia gracillima,กัสตาเวีย บัวฝรั่ง,ป่าดิบชื้น,72.86,1000.41,423.14,26.56,1450.12,391.53,1841.65,885.28,3246.03,3.25
3/30/2026,นางสาวญาณิศา ทองจีน,B,B : สนามฟุตบอล,B035,98.35203,7.895445,47.8,6.2,ศรีตรัง,Jacaranda,Jacaranda mimosifolia D.Don,แคทราย,ป่าดิบชื้น,15.21,34.8,10.48,2.37,47.64,12.86,60.5,29.08,106.64,0.11
17/3/2026,นายสรศักดิ์ พันธุ์กา,C,C : อาคารเรียน,C001,98.35365262,7.894290498,436,18.4,จามจุรี,"Rain Tree , Monkey Pod",Samanea saman (Jacq.) Merr,ก้ามปู,ป่าเบญจพรรณ,138.73,5926.86,1743.49,34.9,7705.26,2080.42,9785.67,4795.96,17585.18,17.59
17/3/2026,นายสรศักดิ์ พันธุ์กา,C,C : อาคารเรียน,C002,98.3537481,7.894377039,94.8,9.4,มะม่วง,Mango,Mangifera indica,มะม่วง,ป่าดิบชื้น,30.16,183.98,65.56,10.3,259.83,70.15,329.99,158.62,581.62,0.58
17/3/2026,นายสรศักดิ์ พันธุ์กา,C,C : อาคารเรียน,C003,98.353847,7.894226301,84.6,14.6,ยางนา,"Yang-na, Resin tree",Dipterocarpus alatus Roxb.,ยางนา,ป่าดิบชื้น,26.92,224.33,81.56,11.93,317.82,85.81,403.63,194.02,711.42,0.71
17/3/2026,นายสรศักดิ์ พันธุ์กา,C,C : อาคารเรียน,C004,98.35397193,7.894058673,148.5,23.3,ยางนา,"Yang-na, Resin tree",Dipterocarpus alatus Roxb.,ยางนา,ป่าดิบชื้น,47.25,990.8,418.66,26.48,1435.94,387.7,1823.64,876.62,3214.29,3.21
17/3/2026,นายสรศักดิ์ พันธุ์กา,C,C : อาคารเรียน,C005,98.35384666,7.893946405,68.7,14.1,ศรีตรัง,Jacaranda,Jacaranda mimosifolia D.Don,แคทราย,ป่าดิบชื้น,21.86,147.28,51.31,8.65,207.24,55.95,263.19,126.52,463.89,0.46
17/3/2026,นายสรศักดิ์ พันธุ์กา,C,C : อาคารเรียน,C006,98.35394598,7.893665646,158.8,12.6,ปาล์มใบพัด,Fan palm,Licuala spinosa Thunb.,ปาล์มใบพัด,กลุ่มปาล์ม,50.53,0,0,0,122.02,50.03,172.05,71.06,260.54,0.26
17/3/2026,นายสรศักดิ์ พันธุ์กา,C,C : อาคารเรียน,C007,98.353665,7.893493585,30,3,ปาล์มหางหมาจิ้งจอก,Foxtail Palm,Wodyetia bifurcata A.K.Irvine,ปาล์มหางหมาจิ้งจอก หางหมาป่า,กลุ่มปาล์ม,9.55,0,0,0,31.07,12.74,43.81,18.09,66.35,0.07
17/3/2026,นายสรศักดิ์ พันธุ์กา,C,C : อาคารเรียน,C008,98.35371347,7.893345449,58,6.8,สนประดิพัทธ์,Sea pine,Casuarina equisetifolia L.,สนทะเล,ป่าเบญจพรรณ,18.45,54.4,9.95,2.17,66.53,17.96,84.5,41.41,151.84,0.15
17/3/2026,นายสรศักดิ์ พันธุ์กา,C,C : อาคารเรียน,C009,98.35346423,7.89303282,54.6,6.9,อินทนิล,Queen’s flower,Lagerstroemia speciosa,อินทนิลน้ำ,ป่าดิบชื้น,17.37,49.27,15.37,3.3,67.93,18.34,86.28,41.47,152.07,0.15
17/3/2026,นายสรศักดิ์ พันธุ์กา,C,C : อาคารเรียน,C010,98.35256045,7.893118265,92,8.5,ตะเคียน,Iron wood,Hopea odorata Roxb.,ตะเคียนทอง,ป่าดิบชื้น,29.27,158.39,55.59,9.16,223.14,60.25,283.39,136.22,499.49,0.5
17/3/2026,นายสรศักดิ์ พันธุ์กา,C,C : อาคารเรียน,C011,98.35230206,7.892901897,84.8,6.2,ปาล์มหางหมาจิ้งจอก,Foxtail Palm,Wodyetia bifurcata A.K.Irvine,ปาล์มหางหมาจิ้งจอก หางหมาป่า,กลุ่มปาล์ม,26.98,0,0,0,64.94,26.62,91.56,37.81,138.65,0.14
17/3/2026,นายสรศักดิ์ พันธุ์กา,C,C : อาคารเรียน,C012,98.35174986,7.89318331,104,11.5,ประดู่,Burmese padauk,Pterocarpus macrocarpus,ประดู่,ป่าเบญจพรรณ,33.09,263.91,56.66,8.9,329.47,88.96,418.43,205.07,751.94,0.75
17/3/2026,นายสรศักดิ์ พันธุ์กา,C,C : อาคารเรียน,C013,98.35174634,7.89337611,89,9.4,จำปา,Champak,Magnolia champaca,จำปาทอง,ป่าดิบชื้น,28.32,163.54,57.59,9.4,230.52,62.24,292.77,140.73,516.02,0.52
17/3/2026,นายสรศักดิ์ พันธุ์กา,C,C : อาคารเรียน,C014,98.35144915,7.894090962,76.8,7.1,หูกระจง,Black olive,Terminalia ivorensis,หูกระจง,ป่าดิบชื้น,24.44,95.62,31.89,6.02,133.53,36.05,169.58,81.52,298.89,0.3
17/3/2026,นายสรศักดิ์ พันธุ์กา,C,C : อาคารเรียน,C015,98.35165905,7.894467447,91,8.5,หูกระจง,Black olive,Terminalia ivorensis,หูกระจง,ป่าดิบชื้น,28.95,155.19,54.36,9.02,218.56,59.01,277.58,133.43,489.25,0.49
3/17/2026,นางสาวภิญญาดา หอมจันทร์,C,C : อาคารเรียน,C016,98.353482,7.894642,71,5.7,ปาล์มหางหมาจิ้งจอก,Foxtail Palm,Wodyetia bifurcata A.K.Irvine,ปาล์มหางหมาจิ้งจอก หางหมาป่า,กลุ่มปาล์ม,22.59,0,0,0,59.96,24.58,84.55,34.92,128.03,0.13
3/17/2026,นาย ปรเมศวร์ นุ่มศึก,C,C : อาคารเรียน,C017,98.353648,7.894401,80,10.5,ศรีตรัง,Jacaranda,Jacaranda mimosifolia D.Don,แคทราย,ป่าดิบชื้น,25.45,148.62,51.83,8.71,209.16,56.47,265.64,127.69,468.21,0.47
3/17/2026,นางสาวญาณิศา ทองจีน,C,C : อาคารเรียน,C018,98.35361,7.894622,98,6.6,ปีบ,Indian cork tree,Millingtonia hortensis,กาสะลอง,ป่าเบญจพรรณ,31.18,140.74,28.35,5.25,174.34,47.07,221.42,108.52,397.89,0.4
3/17/2026,นางสาวญาณิศา ทองจีน,C,C : อาคารเรียน,C019,98.353568,7.894698,103,5.9,สาละลังกา,Cannonball tree,Couroupita guianensis Aubl.,ลูกปืนใหญ่,ป่าดิบชื้น,32.77,139.1,48.18,8.26,195.54,52.8,248.34,119.37,437.71,0.44
3/17/2026,นางสาวญาณิศา ทองจีน,C,C : อาคารเรียน,C020,98.353518,7.894554,87,5.2,ตีนเป็ด,Devil Tree,Alstonia scholaris,พญาสัตบรรณ,ป่าดิบชื้น,27.68,90.24,29.92,5.72,125.89,33.99,159.88,76.85,281.79,0.28
3/17/2026,นาย เศรษฐพงศ์ บัวสวัสดิ์,C,C : อาคารเรียน,C021,98.353629,7.893353,126,6.4,ปาล์มใบพัด,Fan palm,Licuala spinosa Thunb.,ปาล์มใบพัด,กลุ่มปาล์ม,40.09,0,0,0,66.9,27.43,94.33,38.96,142.84,0.14
3/17/2026,นาย เศรษฐพงศ์ บัวสวัสดิ์,C,C : อาคารเรียน,C022,98.353885,7.894458,120,6.6,มั่งมี,"Ti plant , Good luck plant",Cordyline fruticosa (L.) A.Chev.,หมากผู้หมากเมีย,ป่าดิบชื้น,38.18,205.34,73.99,11.18,290.51,78.44,368.95,177.36,650.3,0.65
3/21/2569,นางสาวญาณิศา ทองจีน,C,C : อาคารเรียน,C023,98.353712,7.894556,58.2,7.6,หูกวาง,Tropical almond,Terminalia catappa,หูกวาง,ป่าเบญจพรรณ,18.52,60.74,11.24,2.42,74.39,20.09,94.48,46.3,169.78,0.17
3/17/2026,นางสาวภิญญาดา หอมจันทร์,C,C : อาคารเรียน,C024,98.353582,7.894499,57,6.6,มะม่วง,Mango,Mangifera indica,มะม่วง,ป่าดิบชื้น,18.14,51.22,16.04,3.42,70.67,19.08,89.76,43.15,158.2,0.16
3/17/2026,นางสาวญาณิศา ทองจีน,C,C : อาคารเรียน,C025,98.353585,7.894494,105,14.3,ตีนเป็ด,Devil Tree,Alstonia scholaris,พญาสัตบรรณ,ป่าดิบชื้น,33.41,329.21,124.43,15.46,469.1,126.66,595.76,286.38,1050.06,1.05
3/21/2569,นางสาวญาณิศา ทองจีน,C,C : อาคารเรียน,C026,98.352861,7.895189,163,6.7,หางนกยูงฝรั่ง,Royal Poinciana,Delonix regia,หางนกยูง,ป่าเบญจพรรณ,51.86,368.68,81.88,11.48,462.04,124.75,586.79,287.58,1054.47,1.05
3/17/2569,นาย เศรษฐพงศ์ บัวสวัสดิ์,C,C : อาคารเรียน,C027,98.353286,7.892967,30,4.2,มันปู,Siamese rough bush,Schoutenia glomerata King,มันปู,ป่าดิบชื้น,9.55,10.15,2.7,0.7,13.55,3.66,17.21,8.27,30.33,0.03
3/17/2026,นาย ปรเมศวร์ นุ่มศึก,C,C : อาคารเรียน,C028,98.353712,7.894556,61.5,5.9,ยางนา,"Yang-na, Resin tree",Dipterocarpus alatus Roxb.,ยางนา,ป่าดิบชื้น,19.57,53.16,16.71,3.54,73.41,19.82,93.22,44.81,164.31,0.16
3/17/2026,นาย เศรษฐพงศ์ บัวสวัสดิ์,C,C : อาคารเรียน,C029,98.353355,7.893054,38.8,5.7,ศรีตรัง,Jacaranda,Jacaranda mimosifolia D.Don,แคทราย,ป่าดิบชื้น,12.35,21.8,6.26,1.5,29.56,7.98,37.55,18.05,66.18,0.07
3/17/2026,นาย เศรษฐพงศ์ บัวสวัสดิ์,C,C : อาคารเรียน,C030,98.353714,7.89323,103,5.1,ติ้วขาว,Ceylon ironwood,Cratoxylum formosum (Jack) Dyer,"ติ้ว , แต้ว",ป่าเบญจพรรณ,32.77,121.43,24.1,4.6,150.12,40.53,190.66,93.44,342.62,0.34
3/17/2026,นางสาวภิญญาดา หอมจันทร์,C,C : อาคารเรียน,C031,98.353662,7.894484,132,12,มะม่วง,Mango,Mangifera indica,มะม่่วง,ป่าดิบชื้น,42,428.38,166.28,18.09,612.75,165.44,778.19,374.08,1371.61,1.37
3/17/2569,นาย เศรษฐพงศ์ บัวสวัสดิ์,C,C : อาคารเรียน,C032,98.353097,7.893036,86,11.8,ยางนา,"Yang-na, Resin tree",Dipterocarpus alatus Roxb.,ยางนา,ป่าดิบชื้น,27.36,189.65,67.79,10.54,267.97,72.35,340.32,163.59,599.84,0.6
3/21/2569,นางสาวญาณิศา ทองจีน,C,C : อาคารเรียน,C033,98.352443,7.894843,150.2,14.7,มะม่วง,Mango,Mangifera indica,มะม่วง,ป่าดิบชื้น,47.79,658.64,267.04,22.5,948.18,256.01,1204.19,578.86,2122.47,2.12
3/21/2569,นางสาวญาณิศา ทองจีน,C,C : อาคารเรียน,C034,98.352247,7.894392,86.4,11.5,จามจุรี,"Rain Tree , Monkey Pod",Samanea saman (Jacq.) Merr,ก้ามปู,ป่าเบญจพรรณ,27.49,186.76,38.72,6.7,232.18,62.69,294.86,144.51,529.88,0.53
3/17/2569,นาย เศรษฐพงศ์ บัวสวัสดิ์,C,C : อาคารเรียน,C035,98.352964,7.893117,146.4,8.9,หว้า,Java plum,Syzygium cumini (L.) Skeels,หว้า,ป่าดิบชื้น,46.58,393.24,151.32,17.23,561.79,151.68,713.47,342.96,1257.53,1.26
26/3/2026,นายสรศักดิ์ พันธุ์กา,D,D : หอพักนักศึกษา,D001,98.3537848,7.895297818,57,6.3,อินทนิล,Queen’s flower,Lagerstroemia speciosa,อินทนิลน้ำ,ป่าดิบชื้น,18.14,49.05,15.29,3.28,67.62,18.26,85.87,41.28,151.35,0.15
26/3/2026,นายหัสราวุฒิ ไชยาเผือก,D,D : หอพักนักศึกษา,D002,98.3537978,7.895276138,68,7.2,อินทนิล,Queen’s flower,Lagerstroemia speciosa,อินทนิลน้ำ,ป่าดิบชื้น,21.64,77.2,25.2,4.98,107.38,28.99,136.37,65.55,240.36,0.24
26/3/2026,นายหัสราวุฒิ ไชยาเผือก,D,D : หอพักนักศึกษา,D003,98.35368969,7.895102321,54,7.4,ปีบ,Indian cork tree,Millingtonia hortensis,กาสะลอง,ป่าเบญจพรรณ,17.18,51.52,9.38,2.06,62.96,17,79.96,39.19,143.69,0.14
26/3/2026,นายหัสราวุฒิ ไชยาเผือก,D,D : หอพักนักศึกษา,D004,98.35383159,7.894941462,104,6.2,หางนกยูงฝรั่ง,Royal Poinciana,Delonix regia,หางนกยูง,ป่าเบญจพรรณ,33.09,148.33,30.04,5.5,183.87,49.65,233.52,114.45,419.64,0.42
26/3/2026,นายหัสราวุฒิ ไชยาเผือก,D,D : หอพักนักศึกษา,D005,98.35437472,7.894125495,80,7.4,อินทนิล,Queen’s flower,Lagerstroemia speciosa,อินทนิลน้ำ,ป่าดิบชื้น,25.45,107.24,36.18,6.64,150.07,40.52,190.59,91.62,335.93,0.34
26/3/2026,นายหัสราวุฒิ ไชยาเผือก,D,D : หอพักนักศึกษา,D006,98.35448127,7.894225291,85,7.2,อินทนิล,Queen’s flower,Lagerstroemia speciosa,อินทนิลน้ำ,ป่าดิบชื้น,27.05,117.05,39.84,7.16,164.06,44.29,208.35,100.15,367.23,0.37
26/3/2026,นายหัสราวุฒิ ไชยาเผือก,D,D : หอพักนักศึกษา,D007,98.35426472,7.893799194,86,7.4,มะม่วง,Mango,Mangifera indica,มะม่วง,ป่าดิบชื้น,27.36,122.73,41.98,7.45,172.16,46.48,218.64,105.1,385.37,0.39
26/3/2026,นายหัสราวุฒิ ไชยาเผือก,D,D : หอพักนักศึกษา,D008,98.3544535,7.893831652,92.5,5.8,หูกระจง,Black olive,Terminalia ivorensis,หูกระจง,ป่าดิบชื้น,29.43,112.02,37.96,6.9,156.88,42.36,199.24,95.77,351.17,0.35
28/3/2026,นายหัสราวุฒิ ไชยาเผือก,D,D : หอพักนักศึกษา,D009,98.35418685,7.893297972,128,23.8,สนประดิพัทธ์,Sea pine,Casuarina equisetifolia L.,สนทะเล,ป่าเบญจพรรณ,40.73,766.04,183.19,18.35,967.57,261.25,1228.82,602.24,2208.23,2.21
28/3/2026,นายสรศักดิ์ พันธุ์กา,D,D : หอพักนักศึกษา,D010,98.35438528,7.89320925,77,9.5,ตีนเป็ด,Devil Tree,Alstonia scholaris,พญาสัตบรรณ,ป่าดิบชื้น,24.5,126.06,43.24,7.61,176.91,47.77,224.68,108,396.02,0.4
28/3/2026,นายสรศักดิ์ พันธุ์กา,D,D : หอพักนักศึกษา,D011,98.35385242,7.893261796,82,8.3,ศรีตรัง,Jacaranda,Jacaranda mimosifolia D.Don,แคทราย,ป่าดิบชื้น,26.09,124.99,42.83,7.56,175.38,47.35,222.73,107.06,392.57,0.39
28/3/2026,นายสรศักดิ์ พันธุ์กา,D,D : หอพักนักศึกษา,D012,98.35450526,7.892829158,50,9.2,ตะเคียน,Iron wood,Hopea odorata Roxb.,ตะเคียนทอง,ป่าดิบชื้น,15.91,54.68,17.23,3.63,75.55,20.4,95.94,46.12,169.11,0.17
28/3/2026,นายสรศักดิ์ พันธุ์กา,D,D : หอพักนักศึกษา,D013,98.35447268,7.892922866,110,8.7,ตีนเป็ด,Devil Tree,Alstonia scholaris,พญาสัตบรรณ,ป่าดิบชื้น,35,225.88,82.18,11.99,320.05,86.41,406.47,195.39,716.42,0.72
28/3/2026,นายหัสราวุฒิ ไชยาเผือก,D,D : หอพักนักศึกษา,D014,98.3550383,7.892298366,59,7,ปาล์มหางหมาจิ้งจอก,Foxtail Palm,Wodyetia bifurcata A.K.Irvine,ปาล์มหางหมาจิ้งจอก หางหมาป่า,กลุ่มปาล์ม,18.77,0,0,0,72.7,29.81,102.51,42.33,155.23,0.16
28/3/2026,นายหัสราวุฒิ ไชยาเผือก,D,D : หอพักนักศึกษา,D015,98.35490019,7.89247816,350,19.2,จามจุรี,"Rain Tree , Monkey Pod",Samanea saman (Jacq.) Merr,ก้ามปู,ป่าเบญจพรรณ,111.36,4093.43,1159.88,32.97,5286.28,1427.3,6713.58,3290.33,12064.53,12.06
3/30/2026,นางสาวภิญญาดา หอมจันทร์,D,D : หอพักนักศึกษา,D016,98.354392,7.892624,60,7,ปาล์มหางหมาจิ้งจอก,Foxtail Palm,Wodyetia bifurcata A.K.Irvine,ปาล์มหางหมาจิ้งจอก หางหมาป่า,กลุ่มปาล์ม,19.09,0,0,0,72.7,29.81,102.51,42.33,155.23,0.16
3/30/2026,นางสาวญาณิศา ทองจีน,D,D : หอพักนักศึกษา,D017,98.354454,7.892827,93,7.8,ตะแบก,Queen’s crape myrtle,Lagerstroemia speciosa,ตะแบก,ป่าดิบชื้น,29.59,149.17,52.04,8.74,209.94,56.68,266.62,128.16,469.94,0.47
3/30/2026,นางสาวภิญญาดา หอมจันทร์,D,D : หอพักนักศึกษา,D018,98.354342,7.893249,136,11.5,สนประดิพัทธ์,Sea pine,Casuarina equisetifolia L.,สนทะเล,ป่าเบญจพรรณ,43.27,435.28,98.3,12.91,546.49,147.55,694.04,340.15,1247.22,1.25
3/30/2026,นาย เศรษฐพงศ์ บัวสวัสดิ์,D,D : หอพักนักศึกษา,D019,98.354198,7.893244,93,11.6,ยางนา,"Yang-na, Resin tree",Dipterocarpus alatus Roxb.,ยางนา,ป่าดิบชื้น,29.59,215.98,78.22,11.6,305.8,82.57,388.37,186.69,684.53,0.68
3/30/2026,นาย ปรเมศวร์ นุ่มศึก,D,D : หอพักนักศึกษา,D020,98.354254,7.894061,57,7.4,ศรีตรัง,Jacaranda,Jacaranda mimosifolia D.Don,แคทราย,ป่าดิบชื้น,18.14,56.99,18.04,3.77,78.8,21.28,100.07,48.11,176.39,0.18
3/30/2026,นางสาวภิญญาดา หอมจันทร์,D,D : หอพักนักศึกษา,D021,98.354251,7.8933,137,21.5,สนประดิพัทธ์,Sea pine,Casuarina equisetifolia L.,สนทะเล,ป่าเบญจพรรณ,43.59,790.91,189.75,18.67,999.34,269.82,1269.16,622.01,2280.72,2.28
3/30/2026,นางสาวญาณิศา ทองจีน,D,D : หอพักนักศึกษา,D022,98.354334,7.892642,54,6.2,ปาล์มหางหมาจิ้งจอก,Foxtail Palm,Wodyetia bifurcata A.K.Irvine,ปาล์มหางหมาจิ้งจอก หางหมาป่า,กลุ่มปาล์ม,17.18,0,0,0,64.94,26.62,91.56,37.81,138.65,0.14
3/30/2026,นางสาวภิญญาดา หอมจันทร์,D,D : หอพักนักศึกษา,D023,98.354195,7.89331,138,23,สนประดิพัทธ์,Sea pine,Casuarina equisetifolia L.,สนทะเล,ป่าเบญจพรรณ,43.91,853.76,206.42,19.45,1079.63,291.5,1371.13,671.99,2463.97,2.46
3/30/2026,นาย ปรเมศวร์ นุ่มศึก,D,D : หอพักนักศึกษา,D024,98.354135,7.893415,148,22.9,สนประดิพัทธ์,Sea pine,Casuarina equisetifolia L.,สนทะเล,ป่าเบญจพรรณ,47.09,968.81,237.26,20.74,1226.81,331.24,1558.05,763.6,2799.86,2.8
3/30/2026,นางสาวภิญญาดา หอมจันทร์,D,D : หอพักนักศึกษา,D025,98.35425,7.893346,135,24.2,สนประดิพัทธ์,Sea pine,Casuarina equisetifolia L.,สนทะเล,ป่าเบญจพรรณ,42.95,859.27,207.89,19.52,1086.68,293.4,1380.08,676.38,2480.05,2.48
3/30/2026,นาย ปรเมศวร์ นุ่มศึก,D,D : หอพักนักศึกษา,D026,98.354123,7.894316,58,8.2,จามจุรี,"Rain Tree , Monkey Pod",Samanea saman (Jacq.) Merr,ก้ามปู,ป่าเบญจพรรณ,18.45,64.78,12.06,2.57,79.41,21.44,100.86,49.43,181.24,0.18
3/30/2026,นาย เศรษฐพงศ์ บัวสวัสดิ์,D,D : หอพักนักศึกษา,D027,98.354439,7.892954,129,19.3,เต็ง,"Burmese sal , Teng",Shorea obtusa Wall. ex Blume,เต็ง,ป่าเบญจพรรณ,41.05,639.25,150.09,16.54,805.88,217.59,1023.46,501.6,1839.2,1.84
3/30/2026,นางสาวญาณิศา ทองจีน,D,D : หอพักนักศึกษา,D028,98.354301,7.892677,65,5.8,ปาล์มหางหมาจิ้งจอก,Foxtail Palm,Wodyetia bifurcata A.K.Irvine,ปาล์มหางหมาจิ้งจอก หางหมาป่า,กลุ่มปาล์ม,20.68,0,0,0,60.96,25,85.96,35.5,130.17,0.13
3/30/2026,นางสาวภิญญาดา หอมจันทร์,D,D : หอพักนักศึกษา,D029,98.354198,7.893244,130,20.7,สนประดิพัทธ์,Sea pine,Casuarina equisetifolia L.,สนทะเล,ป่าเบญจพรรณ,41.36,692.29,163.87,17.33,873.48,235.84,1109.32,543.68,1993.49,1.99
3/30/2026,นาย ปรเมศวร์ นุ่มศึก,D,D : หอพักนักศึกษา,D030,98.35418,7.894182,72,9.1,ศรีตรัง,Jacaranda,Jacaranda mimosifolia D.Don,แคทราย,ป่าดิบชื้น,22.91,106.85,36.04,6.62,149.51,40.37,189.88,91.28,334.68,0.33
3/30/2026,นางสาวญาณิศา ทองจีน,D,D : หอพักนักศึกษา,D031,98.354468,7.892582,66,7.3,ปาล์มหางหมาจิ้งจอก,Foxtail Palm,Wodyetia bifurcata A.K.Irvine,ปาล์มหางหมาจิ้งจอก หางหมาป่า,กลุ่มปาล์ม,21,0,0,0,75.55,30.98,106.53,44,161.32,0.16
3/30/2026,นางสาวญาณิศา ทองจีน,D,D : หอพักนักศึกษา,D032,98.354455,7.892588,55,5.5,ปาล์มหางหมาจิ้งจอก,Foxtail Palm,Wodyetia bifurcata A.K.Irvine,ปาล์มหางหมาจิ้งจอก หางหมาป่า,กลุ่มปาล์ม,17.5,0,0,0,57.94,23.76,81.7,33.74,123.72,0.12
3/30/2026,นาย เศรษฐพงศ์ บัวสวัสดิ์,D,D : หอพักนักศึกษา,D033,98.354507,7.893088,106,9.6,สาละลังกา,Cannonball tree,Couroupita guianensis Aubl.,ลูกปืนใหญ่,ป่าดิบชื้น,33.73,231.07,84.26,12.18,327.52,88.43,415.95,199.95,733.14,0.73
3/30/2026,นาย ปรเมศวร์ นุ่มศึก,D,D : หอพักนักศึกษา,D034,98.351817,7.893787,82,7.1,ศรีตรัง,Jacaranda,Jacaranda mimosifolia D.Don,แคทราย,ป่าดิบชื้น,26.09,108.05,36.48,6.69,151.22,40.83,192.05,92.32,338.49,0.34
3/30/2026,นาย เศรษฐพงศ์ บัวสวัสดิ์,D,D : หอพักนักศึกษา,D035,98.35458,7.893131,103,9.3,ทุ้งฟ้า,"Bush clockvine , King’s mantle",Thunbergia erecta (Benth.) T.Anderson,รางจืดฝรั่ง,ป่าดิบชื้น,32.77,212.64,76.89,11.47,301,81.27,382.27,183.75,673.77,0.67
19/3/2026,นายหัสราวุฒิ ไชยาเผือก,E,E : โรงอาหารและหอพักอาจารย์,E001,98.3512063,7.893052187,149,27.3,ยางนา,"Yang-na, Resin tree",Dipterocarpus alatus Roxb.,ยางนา,ป่าดิบชื้น,47.41,1155.79,496.05,27.86,1679.7,453.52,2133.21,1025.44,3759.93,3.76
19/3/2026,นายหัสราวุฒิ ไชยาเผือก,E,E : โรงอาหารและหอพักอาจารย์,E002,98.35095531,7.893497415,80,13.3,ศรีตรัง,Jacaranda,Jacaranda mimosifolia D.Don,แคทราย,ป่าดิบชื้น,25.45,185.28,66.07,10.35,261.7,70.66,332.36,159.77,585.81,0.59
19/3/2026,นายหัสราวุฒิ ไชยาเผือก,E,E : โรงอาหารและหอพักอาจารย์,E003,98.35084845,7.893524828,99.8,12.1,กระทิง,Alexandrian laurel,Calophyllum inophyllum,สารภีทะเล,ป่าดิบแล้ง,31.75,289.81,87.75,7.58,385.15,103.99,489.14,235.13,862.14,0.86
19/3/2026,นายหัสราวุฒิ ไชยาเผือก,E,E : โรงอาหารและหอพักอาจารย์,E004,98.35076785,7.892034068,105.6,14.1,ยางนา,"Yang-na, Resin tree",Dipterocarpus alatus Roxb.,ยางนา,ป่าดิบชื้น,33.6,328.39,124.08,15.44,467.91,126.33,594.24,285.65,1047.39,1.05
19/3/2026,นายหัสราวุฒิ ไชยาเผือก,E,E : โรงอาหารและหอพักอาจารย์,E005,98.35062835,7.891645195,51,8.8,ขี้เหล็ก,Kassod tree,Senna siamea,ขี้เหล็ก,ป่าเบญจพรรณ,16.23,54.43,9.96,2.17,66.57,17.97,84.54,41.43,151.93,0.15
19/3/2026,นายหัสราวุฒิ ไชยาเผือก,E,E : โรงอาหารและหอพักอาจารย์,E006,98.35058391,7.891674434,42,3.4,มะรุม,Drumstick tree,Moringa oleifera,มะรุม,ป่าเบญจพรรณ,13.36,15.61,2.52,0.64,18.77,5.07,23.83,11.68,42.83,0.04
19/3/2026,นายหัสราวุฒิ ไชยาเผือก,E,E : โรงอาหารและหอพักอาจารย์,E007,98.35081198,7.891579455,50.4,10.5,ตะเคียน,Iron wood,Hopea odorata Roxb.,ตะเคียนทอง,ป่าดิบชื้น,16.04,62.78,20.06,4.13,86.97,23.48,110.45,53.1,194.68,0.19
19/3/2026,นายหัสราวุฒิ ไชยาเผือก,E,E : โรงอาหารและหอพักอาจารย์,E008,98.35087853,7.891411411,84.2,9.3,อินทนิล,Queen’s flower,Lagerstroemia speciosa,อินทนิลน้ำ,ป่าดิบชื้น,26.79,146.01,50.83,8.59,205.42,55.46,260.89,125.41,459.83,0.46
19/3/2026,นายหัสราวุฒิ ไชยาเผือก,E,E : โรงอาหารและหอพักอาจารย์,E009,98.35049537,7.891425609,80.2,12.8,จำปา,Champak,Magnolia champaca,จำปาทอง,ป่าดิบชื้น,25.52,179.61,63.85,10.11,253.57,68.46,322.03,154.8,567.6,0.57
19/3/2026,นายหัสราวุฒิ ไชยาเผือก,E,E : โรงอาหารและหอพักอาจารย์,E010,98.35306032,7.892048691,95.3,11.4,พะยอม,Shorea,Shorea roxburghii,พะยอม,ป่าเบญจพรรณ,30.32,222.41,46.93,7.75,277.1,74.82,351.91,172.47,632.4,0.63
19/3/2026,นายหัสราวุฒิ ไชยาเผือก,E,E : โรงอาหารและหอพักอาจารย์,E011,98.3529792,7.892303598,206.6,14.6,ตีนเป็ด,Devil Tree,Alstonia scholaris,พญาสัตบรรณ,ป่าดิบชื้น,65.74,1186.16,510.42,28.08,1724.66,465.66,2190.32,1052.89,3860.59,3.86
19/3/2026,นายหัสราวุฒิ ไชยาเผือก,E,E : โรงอาหารและหอพักอาจารย์,E012,98.35328934,7.891858525,74,7.6,มะพร้าว,Coconut,Cocos nucifera,มะพร้าว,กลุ่มปาล์ม,23.55,0,0,0,78.38,32.14,110.51,45.64,167.36,0.17
19/3/2026,นายหัสราวุฒิ ไชยาเผือก,E,E : โรงอาหารและหอพักอาจารย์,E013,98.35332446,7.891792108,109,13.1,ทุเรียน,Durian,Durio zibethinus,ทุเรียน,ป่าดิบชื้น,34.68,325.28,122.79,15.34,463.42,125.12,588.54,282.91,1037.35,1.04
19/3/2026,นายหัสราวุฒิ ไชยาเผือก,E,E : โรงอาหารและหอพักอาจารย์,E014,98.35182095,7.892484998,109.8,18,ตะเคียน,Iron wood,Hopea odorata Roxb.,ตะเคียนทอง,ป่าดิบชื้น,34.94,443.49,172.75,18.45,634.69,171.37,806.06,387.47,1420.73,1.42
19/3/2026,นายหัสราวุฒิ ไชยาเผือก,E,E : โรงอาหารและหอพักอาจารย์,E015,98.35186175,7.892316517,97.6,7.8,มะม่วง,Mango,Mangifera indica,มะม่วง,ป่าดิบชื้น,31.05,163.22,57.46,9.38,230.07,62.12,292.18,140.45,514.99,0.51
3/19/2026,นางสาวภิญญาดา หอมจันทร์,E,E : โรงอาหารและหอพักอาจารย์,E016,98.35175,7.892457,150,11.5,ยางนา,"Yang-na, Resin tree",Dipterocarpus alatus Roxb.,ยางนา,ป่าดิบชื้น,47.73,522.56,206.96,20.13,749.66,202.41,952.06,457.66,1678.07,1.68
3/19/2026,นางสาวภิญญาดา หอมจันทร์,E,E : โรงอาหารและหอพักอาจารย์,E017,98.351798,7.892584,148,10.9,จามจุรี,"Rain Tree , Monkey Pod",Samanea saman (Jacq.) Merr,ก้ามปู,ป่าเบญจพรรณ,47.09,484.8,110.69,13.88,609.37,164.53,773.9,379.29,1390.73,1.39
3/19/2026,นางสาวภิญญาดา หอมจันทร์,E,E : โรงอาหารและหอพักอาจารย์,E018,98.351817,7.892418,66.2,9.6,ตะเคียน,Iron wood,Hopea odorata Roxb.,ตะเคียนทอง,ป่าดิบชื้น,21.06,96.03,32.04,6.04,134.11,36.21,170.32,81.87,300.21,0.3
3/19/2026,นางสาวภิญญาดา หอมจันทร์,E,E : โรงอาหารและหอพักอาจารย์,E019,98.351811,7.892457,125.2,11.2,ยางนา,"Yang-na, Resin tree",Dipterocarpus alatus Roxb.,ยางนา,ป่าดิบชื้น,39.84,363.95,138.96,16.45,519.36,140.23,659.58,317.06,1162.56,1.16
3/19/2026,นางสาวภิญญาดา หอมจันทร์,E,E : โรงอาหารและหอพักอาจารย์,E020,98.351577,7.892625,141,11.6,ยางนา,"Yang-na, Resin tree",Dipterocarpus alatus Roxb.,ยางนา,ป่าดิบชื้น,44.86,469.38,183.89,19.03,672.3,181.52,853.82,410.43,1504.91,1.5
3/19/2026,นาย ปรเมศวร์ นุ่มศึก,E,E : โรงอาหารและหอพักอาจารย์,E021,98.351358,7.893381,74,11.9,ยางนา,"Yang-na, Resin tree",Dipterocarpus alatus Roxb.,ยางนา,ป่าดิบชื้น,23.55,144.42,50.22,8.51,203.15,54.85,258,124.02,454.74,0.45
3/19/2026,นาย ปรเมศวร์ นุ่มศึก,E,E : โรงอาหารและหอพักอาจารย์,E022,98.351413,7.893467,74.8,9.6,ศรีตรัง,Jacaranda,Jacaranda mimosifolia D.Don,แคทราย,ป่าดิบชื้น,23.8,120.6,41.18,7.34,169.12,45.66,214.78,103.24,378.56,0.38
3/19/2026,นาย ปรเมศวร์ นุ่มศึก,E,E : โรงอาหารและหอพักอาจารย์,E023,98.35128,7.89336,146.6,15,ตีนเป็ด,Devil Tree,Alstonia scholaris,พญาสัตบรรณ,ป่าดิบชื้น,46.65,641.48,259.39,22.23,923.1,249.24,1172.33,563.54,2066.31,2.07
3/19/2026,นาย ปรเมศวร์ นุ่มศึก,E,E : โรงอาหารและหอพักอาจารย์,E024,98.35128,7.893599,61,7.7,ศรีตรัง,Jacaranda,Jacaranda mimosifolia D.Don,แคทราย,ป่าดิบชื้น,19.41,67.12,21.6,4.39,93.1,25.14,118.24,56.84,208.4,0.21
3/19/2026,นาย ปรเมศวร์ นุ่มศึก,E,E : โรงอาหารและหอพักอาจารย์,E025,98.351222,7.893624,76.4,7.3,ศรีตรัง,Jacaranda,Jacaranda mimosifolia D.Don,แคทราย,ป่าดิบชื้น,24.31,97.18,32.46,6.1,135.74,36.65,172.39,82.87,303.85,0.3
3/19/2026,นาย เศรษฐพงศ์ บัวสวัสดิ์,E,E : โรงอาหารและหอพักอาจารย์,E026,98.350895,7.893441,67.2,9.7,ศรีตรัง,Jacaranda,Jacaranda mimosifolia D.Don,แคทราย,ป่าดิบชื้น,21.38,99.71,33.4,6.24,139.35,37.62,176.98,85.07,311.93,0.31
3/19/2026,นาย เศรษฐพงศ์ บัวสวัสดิ์,E,E : โรงอาหารและหอพักอาจารย์,E027,98.350699,7.893284,71.6,11.8,ศรีตรัง,Jacaranda,Jacaranda mimosifolia D.Don,แคทราย,ป่าดิบชื้น,22.78,134.74,46.52,8.04,189.31,51.11,240.43,115.57,423.77,0.42
3/19/2026,นาย เศรษฐพงศ์ บัวสวัสดิ์,E,E : โรงอาหารและหอพักอาจารย์,E028,98.350711,7.893074,48.6,6.7,ศรีตรัง,Jacaranda,Jacaranda mimosifolia D.Don,แคทราย,ป่าดิบชื้น,15.46,38.58,11.74,2.61,52.93,14.29,67.23,32.32,118.49,0.12
3/19/2026,นาย เศรษฐพงศ์ บัวสวัสดิ์,E,E : โรงอาหารและหอพักอาจารย์,E029,98.350599,7.892867,60,7.3,ศรีตรัง,Jacaranda,Jacaranda mimosifolia D.Don,แคทราย,ป่าดิบชื้น,19.09,61.92,19.76,4.08,85.76,23.15,108.91,52.35,191.96,0.19
3/19/2026,นาย เศรษฐพงศ์ บัวสวัสดิ์,E,E : โรงอาหารและหอพักอาจารย์,E030,98.350639,7.892534,61.2,8.9,ศรีตรัง,Jacaranda,Jacaranda mimosifolia D.Don,แคทราย,ป่าดิบชื้น,19.47,77.29,25.23,4.99,107.51,29.03,136.53,65.63,240.65,0.24
3/21/2026,นางสาวญาณิศา ทองจีน,E,E : โรงอาหารและหอพักอาจารย์,E031,98.353436,7.892869,63,6.9,ศรีตรัง,Jacaranda,Jacaranda mimosifolia D.Don,แคทราย,ป่าดิบชื้น,20.05,64.35,20.62,4.22,89.18,24.08,113.26,54.45,199.64,0.2
3/21/2026,นางสาวญาณิศา ทองจีน,E,E : โรงอาหารและหอพักอาจารย์,E032,98.353116,7.89281,52,6.5,ศรีตรัง,Jacaranda,Jacaranda mimosifolia D.Don,แคทราย,ป่าดิบชื้น,16.55,42.55,13.07,2.87,58.49,15.79,74.28,35.71,130.93,0.13
3/21/2026,นางสาวญาณิศา ทองจีน,E,E : โรงอาหารและหอพักอาจารย์,E033,98.352866,7.892538,69,7.5,ปาล์มหางหมาจิ้งจอก,Foxtail Palm,Wodyetia bifurcata A.K.Irvine,ปาล์มหางหมาจิ้งจอก หางหมาป่า,กลุ่มปาล์ม,21.95,0,0,0,77.44,31.75,109.19,45.1,165.35,0.17
3/21/2026,นางสาวญาณิศา ทองจีน,E,E : โรงอาหารและหอพักอาจารย์,E034,98.352984,7.892514,60,8.1,ปาล์มหางหมาจิ้งจอก,Foxtail Palm,Wodyetia bifurcata A.K.Irvine,ปาล์มหางหมาจิ้งจอก หางหมาป่า,กลุ่มปาล์ม,19.09,0,0,0,83.03,34.04,117.07,48.35,177.28,0.18
3/21/2026,นางสาวญาณิศา ทองจีน,E,E : โรงอาหารและหอพักอาจารย์,E035,98.352856,7.892511,72,9.2,ปาล์มหางหมาจิ้งจอก,Foxtail Palm,Wodyetia bifurcata A.K.Irvine,ปาล์มหางหมาจิ้งจอก หางหมาป่า,กลุ่มปาล์ม,22.91,0,0,0,93,38.13,131.13,54.16,198.57,0.2
